symbol,date,open,high,low,close,volume,change,changePercent,vwap
SPY,2021-01-04,347.6278008405059,347.75748825794324,337.91153359546706,341.5887145996094,110210800,-6.039086240896552,-1.7372276401067608,342.4192454843399
SPY,2021-01-05,340.94957212585825,345.02502991311206,340.90324308131426,343.9413146972656,66426200,2.9917425714073715,0.8774736254260495,343.2898625638973
SPY,2021-01-06,342.4408242377529,349.17461974787045,341.8943450056138,345.9975891113281,107997700,3.5567648735752186,1.0386509498370426,345.68885128827077
SPY,2021-01-07,348.3594891696927,351.87919612243684,348.1835009953903,351.1382141113281,68766800,2.778724941635403,0.7976601838113937,350.4003037430518
SPY,2021-01-08,352.5182911816267,353.3519029778256,349.2857170060034,353.1388854980469,71677200,0.6205943164201813,0.17604599022081233,351.92550182729195
SPY,2021-01-11,349.9804746734245,352.5090967320955,349.86005871507695,350.7585144042969,51034700,0.778039730872365,0.222309467863421,351.04255661715644
SPY,2021-01-12,350.94375332137713,351.8421806908139,348.60033453721564,350.83258056640625,52547700,-0.1111727549708803,-0.03167822590336114,350.4250319314786
SPY,2021-01-13,350.7584417957653,352.7683702844573,349.9804022259505,351.7773132324219,45303600,1.0188714366565819,0.29047666862707644,351.5086952476099
SPY,2021-01-14,352.51837079015854,353.0185492874925,350.2120377042884,350.54547119140625,49989100,-1.9728995987522921,-0.5596586624209403,351.2586860610624
SPY,2021-01-15,348.9337088172776,349.73026296167365,346.13646958465563,347.98895263671875,107160000,-0.9447561805588407,-0.27075520555498156,347.95189506101605
SPY,2021-01-19,350.43433335620296,351.25870215945235,348.96161222679353,350.7214660644531,51233300,0.28713270825016934,0.08193623766833087,350.3139268168997
SPY,2021-01-20,353.00000232397593,356.40859366437286,352.6109965934532,355.5749816894531,61836100,2.5749793654771906,0.7294559060976802,354.86485731575976
SPY,2021-01-21,356.13063877891994,356.5567302849031,354.9821081917429,355.8990783691406,47840100,-0.2315604097793198,-0.06502119856165162,355.8126389485956
SPY,2021-01-22,354.0558675399395,355.79720634900036,353.6761050748442,354.639404296875,52860500,0.583536756935473,0.16481488104971082,354.70423857357315
SPY,2021-01-25,355.37122119584785,356.39006461227206,350.5454808302178,356.0381164550781,70402000,0.666895259230273,0.18766158300217053,354.324553965856
SPY,2021-01-26,356.9827761467726,357.39032470947745,355.2507088886021,355.4822692871094,42665300,-1.5005068596632327,-0.42033032401717413,356.0411009617296
SPY,2021-01-27,352.1755899701056,352.26821978545763,344.5711541827748,346.79412841796875,123351100,-5.381461552136841,-1.5280620535323433,347.8778341287337
SPY,2021-01-28,348.60029684934375,353.7594696685846,348.16499040605424,349.7766418457031,94198100,1.1763449963593757,0.3374480764908133,350.5670339734473
SPY,2021-01-29,347.9242248487391,348.8875242713741,341.1070702475137,342.7743225097656,126765100,-5.1499023389734475,-1.480179295135997,344.25630567621783
SPY,2021-02-01,346.1550740721614,349.5080647438886,343.0614299643618,348.4799499511719,75817600,2.324875879010449,0.6716284270112396,347.01648155314075
SPY,2021-02-02,351.64770841562836,354.9543985638464,348.5633355300297,353.4075622558594,64450700,1.7598538402310169,0.500459351252466,352.30843211657844
SPY,2021-02-03,354.2319346206023,355.3990083944463,352.41650851313454,353.6854553222656,52427100,-0.546479298336692,-0.15427160708195178,353.8336574099488
SPY,2021-02-04,354.7135510817987,357.7516230488669,353.79658074701985,357.705322265625,47142600,2.9917711838263017,0.8434330108624423,356.41784202050394
SPY,2021-02-05,359.56703683096254,359.8171119122872,357.6589812031138,359.1131591796875,48669800,-0.453877651275036,-0.12622893780121736,358.86308409836283
SPY,2021-02-08,360.558106078852,361.7529658186462,359.7059795212632,361.7066650390625,38365200,1.1485589602104938,0.3185503087702903,361.0552034596573
SPY,2021-02-09,360.8730425291398,362.05865913101644,360.4655221555642,361.4658508300781,35551100,0.5928083009383158,0.16427059687908044,361.3300107055529
SPY,2021-02-10,363.1979212677015,363.346123344099,358.918688778351,361.3083801269531,59154400,-1.8895411407483493,-0.5202510890351791,361.19106408313434
SPY,2021-02-11,362.3827831768322,362.7996032364326,359.4743990216484,361.8918762207031,42913300,-0.49090695612909485,-0.13546641256672137,361.3886261595947
SPY,2021-02-12,361.09528249401455,363.92030798192724,361.02116733893155,363.67950439453125,50593300,2.5842219005166953,0.7156620498246279,362.87365990513007
SPY,2021-02-16,364.90221935362916,365.09675048774824,362.6514585158837,363.3646545410156,50972400,-1.5375648126135388,-0.4213635135837512,363.70428784821587
SPY,2021-02-17,361.6233007480512,363.69807313250533,360.6136724097959,363.447998046875,52290600,1.8246972988238213,0.5045851014161052,362.58658119639205
SPY,2021-02-18,360.854465504746,362.64210502833146,359.1409128726459,361.901123046875,59712800,1.0466575421290258,0.29004976858607284,361.2280469826175
SPY,2021-02-19,363.15162613106077,363.43875882521473,360.8174787248331,361.2620849609375,83241000,-1.889541170123266,-0.5203174195456678,361.83944083699515
SPY,2021-02-22,358.5110930037713,360.88226938109636,358.21468888994264,358.4833068847656,67414200,-0.027786119005668297,-0.007750420990565,359.19342171860154
SPY,2021-02-23,356.2881475310484,360.2617324705037,352.157117326697,358.9186706542969,107284100,2.6305231232484516,0.7383133964677332,357.11250681716587
SPY,2021-02-24,357.83499100141944,363.2998403698214,356.85317693048404,362.8737487792969,72433900,5.038757777877436,1.4081232703867825,361.0089220265341
SPY,2021-02-25,361.61402308071797,362.97559950131625,352.69431104645696,354.1299743652344,146670500,-7.4840487154835955,-2.069623476358669,356.5999616376692
SPY,2021-02-26,356.00108332440647,357.14034278164434,350.33248736483716,352.30535888671875,152701600,-3.6957244376877156,-1.0381216829949873,353.2593963444001
SPY,2021-03-01,357.1495196515627,362.08640354754476,352.4997966765975,360.84521484375,105348800,3.6956951921873156,1.0347753500530699,358.4771383559641
SPY,2021-03-02,361.0675516711816,361.29911209964035,357.5293015403347,358.02947998046875,79595300,-3.0380716907128544,-0.841413656987814,358.9526312068146
SPY,2021-03-03,357.33484267513,358.29811382408514,353.18526911043256,353.28717041015625,119940200,-4.047672264973755,-1.1327393194213882,354.923517781558
SPY,2021-03-04,353.1018549094259,355.6768056530186,344.4507609972597,348.9152526855469,183433000,-4.186602223879049,-1.1856641832008936,349.68093977860843
SPY,2021-03-05,352.39793809635813,356.3807946921803,345.1547488924629,355.3341369628906,152039600,2.936198866532493,0.8332054615284473,352.2898935158446
SPY,2021-03-08,356.2881862042194,359.08542635862597,353.28717171626954,353.5650329589844,123149200,-2.7231532452350393,-0.7643119673000233,355.3125436779599
SPY,2021-03-09,357.3904216073474,361.1509612373541,356.8902430962981,358.6130676269531,113633600,1.2226460196057474,0.3421037458438175,358.8847573202018
SPY,2021-03-10,360.9471161253984,362.5309814553855,359.53923897281567,360.84521484375,109899400,-0.10190128164839507,-0.02823163757124826,360.971811757317
SPY,2021-03-11,363.29977289296414,366.4675035095816,362.84589526271924,364.5038757324219,86245000,1.2041028394577324,0.3314350652821594,364.6057581682409
SPY,2021-03-12,363.15166075062507,365.1338036755719,362.345834837524,364.994873046875,64653600,1.8432122962499307,0.5075599248093919,364.15817051999034
SPY,2021-03-15,365.24497076495254,367.43091643604373,363.1146256154373,367.17156982421875,73427200,1.9265990592662092,0.5274813381362179,365.9057039585666
SPY,2021-03-16,367.782879057633,368.4868036822963,365.9396384500891,366.70843505859375,73722500,-1.0744439990392607,-0.29214084184459577,367.0449590636597
SPY,2021-03-17,365.43015115301284,368.75535559488856,364.2908636411773,367.95880126953125,97959300,2.5286501165184063,0.6919653751995988,367.0016735018657
SPY,2021-03-18,365.38388907793455,367.45866174204525,361.92899685898453,362.60516357421875,115349100,-2.7787255037158047,-0.760494807455267,363.99760739174945
SPY,2021-03-19,362.30581695435694,363.87629430000226,359.7688854669541,361.9341125488281,113624500,-0.371704405528817,-0.10259410369214252,361.8597641052615
SPY,2021-03-22,362.44527604125085,366.19955652443446,362.38952178707973,364.82421875,73778600,2.3789427087491504,0.6563591432982001,364.4710990205047
SPY,2021-03-23,364.1923465537259,365.6327121636265,361.17220132844585,361.9527893066406,90686600,-2.2395572470852585,-0.6149380315862507,362.91923426623765
SPY,2021-03-24,363.3466815716018,364.9729135223698,360.0663405424219,360.11279296875,97588600,-3.2338886028517777,-0.8900283852501627,361.7173490111806
SPY,2021-03-25,358.681705445465,362.9284721903629,356.7487968597733,362.13861083984375,116128600,3.4569053943787367,0.9637807955901823,360.60529329665997
SPY,2021-03-26,363.28159933715943,368.3740383743186,362.68687787049055,367.9744567871094,114409100,4.6928574499499405,1.2917960773439912,366.3451243439728
SPY,2021-03-29,366.506230599657,368.6900335718035,365.02868604213734,367.78863525390625,108107600,1.2824046542492624,0.3498998235721842,367.1691182892823
SPY,2021-03-30,366.5249150979024,367.482067884983,365.2239064978576,366.81298828125,76262200,0.288073183347592,0.0785957983976737,366.5063208880302
SPY,2021-03-31,367.3798004306039,369.85167684984475,367.35192329787424,368.2997741699219,112734200,0.9199737393179817,0.25041489440619363,368.501124772547
SPY,2021-04-01,370.22331734295256,372.3327906716872,370.01887561856495,372.2770080566406,99682900,2.05369071368807,0.5547167391905936,371.5428914489642
SPY,2021-04-05,374.92543787321307,378.1593264135541,374.85110832067795,377.6203308105469,91684800,2.6948929373338046,0.7187810335358267,376.87692184825966
SPY,2021-04-06,377.06287430075787,378.43818403070935,376.7283203399315,377.39739990234375,62021000,0.33452560158588085,0.08871878521751576,377.52130142432816
SPY,2021-04-07,377.2300830672533,378.17793382855064,376.7747471661256,377.8341064453125,55836300,0.6040233780591961,0.16012068103049715,377.59559581332957
SPY,2021-04-08,379.07932488554803,379.6833482520154,378.1500494419872,379.6275939941406,57863100,0.5482691085925921,0.14463176243075931,379.1536638960477
SPY,2021-04-09,379.50681154051,382.5548338572635,379.3860011955182,382.3875427246094,61104600,2.880731184099375,0.7590723266351372,381.4427925924637
SPY,2021-04-12,381.79281150001924,382.796416474297,381.1887881496238,382.5269470214844,56704900,0.7341355214651344,0.19228636562872986,382.170717215135
SPY,2021-04-13,382.42475109343,384.2833021211937,382.04374472962985,383.6606750488281,56551000,1.235923955398107,0.3231809530801418,383.32924063321724
SPY,2021-04-14,383.6327485367833,384.68283426978144,381.81137670460754,382.3503723144531,61659900,-1.2823762223301856,-0.33427183347128386,382.94819442961403
SPY,2021-04-15,384.4784328546867,386.7272920226282,384.43198042379737,386.4577941894531,60229800,1.9793613347664518,0.5148172603779182,385.8723555452929
SPY,2021-04-16,387.74008782122957,388.3534128731376,386.32759968786,387.7493896484375,82037300,0.00930182720793482,0.0023989851707630237,387.4768007364784
SPY,2021-04-19,386.82017754821817,387.26621157931834,384.52486623240225,385.84442138671875,78498500,-0.9757561614994188,-0.25225058519026927,385.87849973281317
SPY,2021-04-20,384.63636975752553,385.7329078820872,381.55116873929074,383.0194396972656,81851800,-1.6169300602599037,-0.42037887922018796,383.4345054395479
SPY,2021-04-21,382.4061222414996,386.8480574414504,382.26670824654997,386.64361572265625,66793000,4.237493481156662,1.1081133995236019,385.25279380355215
SPY,2021-04-22,386.4764281229823,387.3034686285627,382.05306736111277,383.1124267578125,97582800,-3.364001365169827,-0.8704286006543596,384.1563209158293
SPY,2021-04-23,383.66997419307154,388.6694809602353,383.5956446305461,387.2662658691406,73209200,3.596291676069086,0.9373398800968848,386.51046381997395
SPY,2021-04-26,387.9167155807785,388.6415492403517,387.33126755588586,388.0746765136719,52182400,0.15796093289338842,0.04072032128259633,388.0158311033031
SPY,2021-04-27,388.37206467020457,388.56723292463965,386.8573412168641,387.9910583496094,51303100,-0.3810063205951906,-0.098103431027855,387.8052108303711
SPY,2021-04-28,388.2605228895101,389.37566462785594,387.41487893712383,387.8795166015625,51238900,-0.3810062879476277,-0.09813160635341057,388.22335338884744
SPY,2021-04-29,390.59312219282816,390.964826756407,386.98752837170855,390.35150146484375,78544300,-0.2416207279844116,-0.06185995458085106,389.4346188643197
SPY,2021-04-30,388.0932978632619,388.9389418978536,386.8945246318917,387.78662109375,85527000,-0.3066767695119097,-0.07902140315238375,387.8733625411651
SPY,2021-05-03,389.76600704578584,390.1470133949862,388.1305014883067,388.6230163574219,68128300,-1.142990688363966,-0.29325048046832336,388.96684374690494
SPY,2021-05-04,386.64361861912283,387.13613344183,382.55481257184357,386.2254333496094,101591200,-0.418185269513458,-0.10815780976988178,385.305459787761
SPY,2021-05-05,387.8609452628347,388.0932640974251,385.7886510489646,386.3462219238281,60162200,-1.5147233390065935,-0.3905325755291341,386.7427123567393
SPY,2021-05-06,386.42058587094186,389.56154133168053,384.4226493874601,389.43145751953125,74321400,3.0108716485893865,0.7791695780915171,387.80521607955734
SPY,2021-05-07,390.1935113301949,392.9162817949607,389.5151299919211,392.2657775878906,67733800,2.0722662576957305,0.5310868062954817,391.56572979159085
SPY,2021-05-10,392.61884104470386,392.8418580569698,388.2605373215281,388.38134765625,81852400,-4.237493388453856,-1.0792893629807674,389.827914344916
SPY,2021-05-11,383.88373990772925,385.9002519938557,381.0587342617995,384.91522216796875,116888000,1.0314822602394997,0.2686965226730958,383.95806947454133
SPY,2021-05-12,382.1460004528248,383.40980160762746,375.4273279147275,376.73760986328125,134811000,-5.408390589543558,-1.4152681391758313,378.52491312854545
SPY,2021-05-13,378.2801563667472,383.1867295062854,378.23367557967265,381.26312255859375,106394000,2.9829661918465717,0.7885600504390587,380.8945092148506
SPY,2021-05-14,383.9858697174596,387.9631671876168,383.95799259058225,387.1175231933594,82201600,3.131653475899782,0.8155647701838825,386.34622765718615
SPY,2021-05-17,386.0116948349033,386.9409701694624,384.1252386808852,386.1324768066406,65129200,0.12078197173730132,0.031289718252955935,385.73289521899613
SPY,2021-05-18,386.3927762726599,386.6343969993249,382.647796805553,382.8057861328125,59810200,-3.586990139847387,-0.9283274326319731,384.0293266458968
SPY,2021-05-19,378.14074413936413,381.97862757643315,376.66317135235914,381.80206298828125,106467100,3.6613188489171193,0.9682423557001668,380.1479539723578
SPY,2021-05-20,382.6756265415183,387.16404293504047,382.5548445523857,385.9095153808594,78022200,3.233888839341091,0.8450731154653852,385.20946762276185
SPY,2021-05-21,387.3870924100726,388.6230447677026,385.13826146942415,385.5935974121094,76578700,-1.7934949979632506,-0.46297231712220493,386.4516345497454
SPY,2021-05-24,387.8237936745519,390.5930445875986,387.582172994574,389.5243835449219,51376700,1.7005898703699813,0.43849549669380433,389.2332003756981
SPY,2021-05-25,390.60230787289504,390.95543705465997,388.08397953448286,388.6601257324219,57451400,-1.9421821404731645,-0.49722751282492816,389.2331807738549
SPY,2021-05-26,389.2455910916205,389.93324582826676,388.2141089866511,389.43145751953125,43088600,0.18586642791075292,0.04775042599442154,389.1929374448164
SPY,2021-05-27,390.453631092409,390.9647211844155,389.3570646409822,389.6358642578125,56707700,-0.8177668345965117,-0.20944019199118938,389.9858833610701
SPY,2021-05-28,391.19713572899053,391.4573317528187,390.10059736851764,390.3329162597656,58520200,-0.8642194692249063,-0.22091661474321508,390.6302817937006
SPY,2021-06-01,392.68390661909086,392.8232922551266,389.55225310614026,389.989013671875,54216600,-2.6948929472158625,-0.686275373599649,390.7881863443806
SPY,2021-06-02,390.639473876416,391.43866542326464,389.63586897767476,390.602294921875,49097100,-0.03717895454099107,-0.00951745971088245,390.5589431076048
SPY,2021-06-03,388.2977314392226,390.2863660477926,386.8387622554671,389.15264892578125,58138800,0.8549174865586338,0.22017061067801982,388.759259076347
SPY,2021-06-04,390.99259643637595,393.0091363874435,389.2176771468902,392.7117614746094,55938800,1.7191650382334274,0.4396924785539201,391.64619166964775
SPY,2021-06-07,392.7025150607527,392.87907966771104,391.4015350825624,392.330810546875,51555000,-0.37170451387771664,-0.09465294965585143,392.2038084323828
SPY,2021-06-08,393.18568426469994,393.2786174726193,390.5930264269201,392.4143981933594,47134300,-0.7712860713405689,-0.19616331474096213,392.0953473642996
SPY,2021-06-09,393.25073913778317,393.32509704758354,391.6059319636749,391.8289489746094,48436300,-1.421790163173796,-0.3615479951267539,392.2533259952893
SPY,2021-06-10,393.0462757947363,394.5981780350405,391.7359942091365,393.6502990722656,51020100,0.6040232775293362,0.15367739493473284,393.32815710548084
SPY,2021-06-11,394.19863560369777,394.4123507955599,392.91623101558656,394.30084228515625,45570800,0.10220668145848322,0.025927710607612377,393.8764746987676
SPY,2021-06-14,394.4122489692043,395.2857698874934,393.1763254856657,395.1835632324219,42358500,0.7713142632175618,0.19556042319511888,394.548552868527
SPY,2021-06-15,395.33241410169114,395.36956470477037,393.5853715428401,394.4588928222656,51508500,-0.8735212794255176,-0.22095867889062648,394.47127635662537
SPY,2021-06-16,394.59823144884797,394.82124847769757,390.22135210226025,392.2564392089844,80386100,-2.3417922398635937,-0.5934624266472825,392.4330132629807
SPY,2021-06-17,391.84757149634856,393.1020706024834,389.66376862836967,392.1263427734375,90949700,0.2787712770889357,0.07114278545210619,391.63072733476355
SPY,2021-06-18,388.85956550548985,389.54947004298504,386.6313456995703,386.8364562988281,118676300,-2.0231092066617293,-0.5202673114217548,387.67242401379445
SPY,2021-06-21,388.5891597876732,392.5608336456239,387.7780497072785,392.3743591308594,72822000,3.78519934318615,0.9740877345251728,390.90441416125395
SPY,2021-06-22,392.3650926666946,395.30188161565235,391.64719132333624,394.47210693359375,57700300,2.1070142668991707,0.5370034965595252,393.80705995752743
SPY,2021-06-23,394.5466142661028,395.3483919707271,393.9126465296074,393.9965515136719,49445400,-0.5500627524309039,-0.1394164168545907,394.41919667133544
SPY,2021-06-24,396.13161425617756,396.7469175537267,395.87987081880055,396.327392578125,45110300,0.1957783219474436,0.0494225441498931,396.3180603168841
SPY,2021-06-25,397.0732323076562,398.1826902147583,396.74691613756454,397.73516845703125,58129500,0.6619361493750375,0.16670379555128584,397.5549249364514
SPY,2021-06-28,398.25727348362227,398.7047667692016,397.0639106353862,398.5369567871094,53159600,0.27968330348710424,0.07022679109929822,398.10187806389905
SPY,2021-06-29,398.91918326202716,399.5531510094126,398.2199465974664,398.7513732910156,35970500,-0.16780997101153616,-0.0420661572700833,398.8414902992982
SPY,2021-06-30,398.29453168040874,399.75827397212026,398.26656335103905,399.0870056152344,64827900,0.7924739348256367,0.19896681269566543,399.0372809794646
SPY,2021-07-01,399.84225108335767,401.45516757331484,399.77698215238405,401.2966613769531,53441000,1.4544102935954584,0.36374602475220863,400.84293703421736
SPY,2021-07-02,402.4526561515775,404.7181760542259,401.38047053367126,404.3638916015625,57697700,1.9112354499849857,0.47489696508926726,403.4875127298199
SPY,2021-07-06,404.4199154656729,404.63435832589875,400.90509541286673,403.62744140625,68710400,-0.7924740594228865,-0.19595327260537732,403.0556317150052
SPY,2021-07-07,404.307961437293,405.3335142240967,402.30348871200215,405.0538024902344,63549500,0.7458410529413868,0.18447350140965865,404.23026847544435
SPY,2021-07-08,399.7582794572034,402.5086218416847,398.5835527035313,401.7534484863281,97595200,1.9951690291247246,0.49909386037827386,400.9485410105147
SPY,2021-07-09,403.254529790433,406.34049264356514,401.55770829871153,406.0421447753906,76238600,2.7876149849575995,0.6912792737644615,404.6467819058891
SPY,2021-07-12,405.9581450244714,407.74820336371283,405.52928784657445,407.4964599609375,52889600,1.5383149364661222,0.37893436929893143,406.92465039040826
SPY,2021-07-13,406.7133297443053,408.20504032687353,405.84628310421715,406.1073303222656,52911300,-0.6059994220397016,-0.14899915437261044,406.71955125111873
SPY,2021-07-14,407.7948684980379,408.2796908558834,405.47341158364054,406.71337890625,64130400,-1.0814895917878857,-0.26520431602564154,406.8221604485913
SPY,2021-07-15,405.3800638460775,406.051332083829,403.4315280404398,405.3241271972656,55126400,-0.055936648811893974,-0.013798569244177994,404.9356624405115
SPY,2021-07-16,406.49900772847565,406.5456121361388,401.7535238763816,402.14508056640625,75874700,-4.353927162069397,-1.0710794071550693,403.4814055263089
SPY,2021-07-19,397.34357236601903,402.21026074657135,393.4091995491586,396.2061462402344,147987000,-1.137426125784657,-0.28625758786325595,397.27520217865475
SPY,2021-07-20,396.8681095390226,403.1519362165868,396.07563556513816,401.88397216796875,99608200,5.015862628946138,1.2638613454661936,400.37051464989787
SPY,2021-07-21,403.07734671744265,405.2776264574665,401.8373794156442,405.13775634765625,64724400,2.0604096302135986,0.5111697908585139,404.08425407358897
SPY,2021-07-22,405.3148157122187,406.2284951096567,404.33589585582877,405.986083984375,47878500,0.6712682721562828,0.165616514900086,405.5168249832868
SPY,2021-07-23,407.90668669595885,410.4985227710104,407.2261145579136,410.16290283203125,63766600,2.2562161360723962,0.553120654713393,409.2958467203184
SPY,2021-07-26,409.57548735826293,411.1790710284304,409.52888296778485,411.16973876953125,43719200,1.594251411268317,0.3892448304343461,410.6258975885822
SPY,2021-07-27,410.1349462433999,410.1629145724487,406.48025668627827,409.2958679199219,67397100,-0.8390783234780201,-0.2045859127985788,408.6463463928829
SPY,2021-07-28,409.92046457329195,410.4984956201995,407.7108814317858,409.12799072265625,52472400,-0.7924738506357016,-0.19332380769538546,409.1124559248805
SPY,2021-07-29,410.05108065733845,411.8970474559631,410.04174839608766,410.82489013671875,47435300,0.7738094793803043,0.1887105084907562,410.92122866292317
SPY,2021-07-30,408.27037783028055,410.27485092545965,408.13983997332065,408.82977294921875,68951200,0.5593951189381983,0.13701584766229127,409.081487949333
SPY,2021-08-02,410.53585279390853,411.08591559023773,407.6177003787268,407.97198486328125,58783300,-2.563867930627282,-0.6245174235523734,408.891866944082
SPY,2021-08-03,408.76444835011597,411.4122212036647,406.5828332901923,411.291015625,58053900,2.52656727488403,0.6180985858926675,409.76202337295234
SPY,2021-08-04,410.0137549202648,411.2630544145641,409.03483491751217,409.2679138183594,46732200,-0.7458411019053983,-0.1819063611781614,409.85526771681185
SPY,2021-08-05,410.42399765718676,411.94367672299376,410.1070137495975,411.8597717285156,38969700,1.435774071328865,0.34982702754338413,411.30348740036897
SPY,2021-08-06,412.1766949472546,412.95983656575635,411.8969832214965,412.540283203125,46930000,0.3635882558704111,0.08821174518781048,412.4657009967926
SPY,2021-08-09,412.51236355148603,412.8293474498061,411.44020627292963,412.2047119140625,41222600,-0.3076516374235325,-0.07457997980347425,412.1580885455994
SPY,2021-08-10,412.65222985315194,413.4260678014038,411.9716576154071,412.7174987792969,43339300,0.06526892614493818,0.015816932860914148,412.7050747320359
SPY,2021-08-11,413.78034258511013,413.83627924848605,412.66155241355983,413.7430419921875,44034300,-0.03730059292263377,-0.00901458795495135,413.41362455141115
SPY,2021-08-12,413.593921338042,415.1229328726098,412.698906156745,414.9830627441406,38909400,1.389141406098645,0.3358708468452708,414.26830059116514
SPY,2021-08-13,415.4304486225805,415.75676472886465,414.94565481885087,415.7381286621094,39470300,0.30768003952886147,0.07406294857515114,415.48018273660836
SPY,2021-08-16,414.44224972601063,416.8476114388509,412.89460242623954,416.71710205078125,73740000,2.2748523247706203,0.5488948885579435,415.4864386386239
SPY,2021-08-17,414.17182810864335,414.84309640590254,411.0112933625558,413.9853820800781,92673900,-0.18644602856522852,-0.04501658874691037,413.2799239495121
SPY,2021-08-18,412.97849742393936,414.53547694662274,409.2119630019986,409.454345703125,89351900,-3.524151720814359,-0.8533499305162789,411.0672618839155
SPY,2021-08-19,406.741308348979,411.28170912890874,406.60146670220803,410.08831787109375,92812200,3.3470095221147744,0.8228840920290992,409.32383123407016
SPY,2021-08-20,410.4332861309736,413.67772604605483,409.948463834136,413.3514099121094,72008700,2.918123781135762,0.710986140681718,412.3258665974334
SPY,2021-08-23,415.02955857787043,417.8917739029661,413.42597482930967,416.9874267578125,54973000,1.9578681799420679,0.47174186500133836,416.10172516336274
SPY,2021-08-24,417.6493835449219,418.18081021842085,417.1366213910618,417.6493835449219,38744700,0.0,0.0,417.65560505146817
SPY,2021-08-25,417.83588293403466,419.03854953793854,417.4629339431671,418.5257873535156,40529700,0.6899044194809676,0.16511373188833697,418.3424236115404
SPY,2021-08-26,418.2461253948904,418.47920431591973,415.96196904001306,416.0552062988281,57829600,-2.1909190960622595,-0.5238348816725286,416.83212655158695
SPY,2021-08-27,416.85696346783124,420.1480365315559,416.80102680571815,419.7751159667969,77235100,2.9181524989656396,0.7000368842802916,418.90805976802363
SPY,2021-08-30,420.44633655758804,422.40420486497374,420.203925414651,421.6210632324219,48357400,1.1747266748338347,0.27939990735843495,421.40973117068216
SPY,2021-08-31,421.5278867191652,421.8635067020357,420.3997927296068,420.9964599609375,59300200,-0.5314267582277239,-0.12607155421291893,421.0865864641933
SPY,2021-09-01,421.9287838685606,422.4415461141893,420.987135922643,421.22021484375,48721400,-0.708569024810572,-0.16793569244408454,421.5496322935274
SPY,2021-09-02,422.63728833645627,423.3178604728421,421.32272000796826,422.5160827636719,42501000,-0.12120557278439037,-0.02867839069795946,422.38555441482737
SPY,2021-09-03,421.3880192926544,422.92633435744506,420.98710195716393,422.4135437011719,47170500,1.0255244085174695,0.24336819310594632,422.1089933385936
SPY,2021-09-07,422.0685927572297,422.161830008836,420.23192986344264,420.9031982421875,51671500,-1.1653945150421805,-0.27611495738857444,421.0989860381554
SPY,2021-09-08,420.3717753085308,421.0989803051799,418.47914741318687,420.3904113769531,56181900,0.01863606842232457,0.004433234940344573,419.98951303177336
SPY,2021-09-09,420.19461777386266,421.938043250285,418.34862279482104,418.5910339355469,57970400,-1.6035838383157852,-0.3816288382776931,419.62589999355095
SPY,2021-09-10,420.51159139066226,420.93111629475897,415.169413329075,415.2906188964844,89948200,-5.220972494177886,-1.2415763562929982,417.13038284010617
SPY,2021-09-13,418.2741120636888,418.5351593108477,414.0506948028417,416.353515625,83738600,-1.92059643868879,-0.4591717209589938,416.31312324622985
SPY,2021-09-14,417.7893195077674,417.99443010602226,413.2209781306569,414.106689453125,78197100,-3.6826300546424022,-0.8814562466511152,415.1073658966014
SPY,2021-09-15,414.5261632376649,418.05964737696985,413.4260376429731,417.5655212402344,78792200,3.039358002569486,0.7332125863493199,416.3504020867258
SPY,2021-09-16,417.04343662553293,418.01302440036307,413.9667779592012,416.9035949707031,77786700,-0.1398416548298087,-0.03353167621131364,416.29446577675577
SPY,2021-09-17,416.13478169530885,416.55565067502687,412.4870792787578,412.8424987792969,118425000,-3.2922829160119704,-0.7911578317485026,413.96174291102716
SPY,2021-09-20,406.744360400567,408.3156617681073,401.11382101879656,405.9587097167969,166445500,-0.7856506837701431,-0.19315588862656247,405.1293975012336
SPY,2021-09-21,408.28750519431475,409.5782269140936,405.0513672813698,405.57513427734375,92526100,-2.712370916970997,-0.6643286611673577,406.7349094909357
SPY,2021-09-22,407.8386598671586,411.5611742401926,405.68747544919097,409.53155517578125,102350100,1.692895308622667,0.41508946434211946,408.9267349550549
SPY,2021-09-23,411.3927191082304,416.10665065501354,411.15889353508067,414.50726318359375,76396000,3.1145440753633693,0.7570732126992229,413.92426912456267
SPY,2021-09-24,412.8798959122565,415.9009329556939,412.6647660835853,415.1900939941406,62094800,2.3101980818841525,0.5595327127226137,414.5852643444733
SPY,2021-09-27,414.1612437208706,415.32100953578424,413.31011513170654,414.00225830078125,61371100,-0.15898542008932282,-0.0383873243814366,414.2111276560907
SPY,2021-09-28,411.2430883900673,411.5704499178845,404.9297975915055,405.6593322753906,130436300,-5.583756114676703,-1.357775065967909,407.38652659492686
SPY,2021-09-29,407.0343694776588,408.7646851182983,405.7810673304682,406.3422546386719,82329200,-0.6921148389869245,-0.1700384269453966,406.9626690291461
SPY,2021-09-30,407.81055870084094,408.5120355292715,401.0389781842043,401.3757019042969,140506000,-6.434856796544068,-1.577903430711442,403.64223853925756
SPY,2021-10-01,403.0966548978282,407.819920791209,399.5892707562588,406.1457214355469,129240100,3.0490665377186588,0.7564107765894255,404.51830432767156
SPY,2021-10-04,404.9859246361656,405.8838069157906,398.7755032227819,400.90802001953125,128570000,-4.077904616634328,-1.0069250234555356,401.8557767193679
SPY,2021-10-05,402.4045184317474,407.31485631227736,401.60953418086086,405.0794982910156,90682500,2.6749798592682055,0.6647489619880881,404.6679629280513
SPY,2021-10-06,401.4973037523077,406.96882922021376,399.8792486552272,406.7630615234375,113032200,5.265757771129813,1.3115300456359658,404.53704646629285
SPY,2021-10-07,410.02732476233155,413.104449797126,409.849614983037,410.27984619140625,72437500,0.25252142907470443,0.06158648797883802,411.0779703238564
SPY,2021-10-08,411.0467692620776,411.43024672745184,408.90491846012617,409.53155517578125,74557400,-1.5152140862963392,-0.36862328075622464,409.9555734544531
SPY,2021-10-11,408.8768487322521,411.77629222213716,406.5011723645591,406.566650390625,65233300,-2.3101983416270855,-0.5650107969649047,408.28137165910704
SPY,2021-10-12,407.48327480593025,407.8854480523545,404.780236733796,405.5658874511719,71181200,-1.9173873547583753,-0.4705438169631768,406.0771907457741
SPY,2021-10-13,406.5853090624002,407.83861088635894,403.62041636017756,407.02490234375,72974000,0.4395932813498007,0.10811833864915532,406.16130986342887
SPY,2021-10-14,410.6725606418157,414.0209591805535,410.2049094470439,413.8713073730469,70236800,3.1987467312311537,0.77890442113591,412.69905866688146
SPY,2021-10-15,415.97578121085803,417.38809710044063,415.35847814408345,417.0233154296875,66260200,1.047534218829469,0.25182577114951654,416.58996355807056
SPY,2021-10-18,415.24619873026535,418.5945686911891,414.5914756470946,418.25787353515625,62213200,3.0116748048909017,0.7252745031983348,417.14797262448
SPY,2021-10-19,419.8759589330048,421.5501296498801,419.26798954865865,421.48468017578125,46996800,1.6087212427764257,0.3831420229118458,420.76759979144
SPY,2021-10-20,421.9430117230665,423.4395013974078,421.830779992545,423.14019775390625,49571600,1.1971860308397595,0.2837316883033265,422.803493047953
SPY,2021-10-21,422.54154774240834,424.46826836998736,422.1113166378559,424.2438049316406,41305400,1.7022571892322844,0.40286149334361365,423.6077966464946
SPY,2021-10-22,423.813530857875,425.25390437527966,421.8680861122343,423.8041687011719,58845100,-0.009362156703105029,-0.0022090273248601424,423.6420530628953
SPY,2021-10-25,424.8891720800844,426.40435739743305,423.1214653908989,426.0769958496094,45214500,1.1878237695249823,0.2795608472933967,425.2009395459804
SPY,2021-10-26,427.62030473700503,428.82682438361206,426.0863949710087,426.46051025390625,56075100,-1.1597944830987785,-0.27122062966866717,427.12457653617565
SPY,2021-10-27,426.9188771716566,427.5829340162119,424.4964183538011,424.5712585449219,72438000,-2.347618626734743,-0.5498980607950036,425.55020363831164
SPY,2021-10-28,425.9928060452543,428.7425972745419,425.9834724309799,428.66778564453125,51437900,2.6749795992769236,0.6279400875593082,427.797951783351
SPY,2021-10-29,426.3763014877547,429.8275696350324,426.08636002655044,429.5376281738281,70162400,3.161326686073437,0.7414405244950577,428.4838526118037
SPY,2021-11-01,430.5197400572505,430.89388390110435,428.5556275928569,430.2765808105469,48433600,-0.24315924670361255,-0.05648039429534108,429.9086974348361
SPY,2021-11-02,430.4448731294371,432.32484009362486,430.31391709227427,432.01617431640625,48908400,1.5713011869691513,0.36504121318611976,431.55164383410175
SPY,2021-11-03,431.4550309735482,435.05595130001086,431.0154376576969,434.6537780761719,52509800,3.1987471026236562,0.7413859783732052,433.5750556779599
SPY,2021-11-04,435.2523818386185,436.78629172441015,434.90632446133264,436.7021179199219,52847100,1.4497360813033993,0.3330794136448696,436.13157803522154
SPY,2021-11-05,438.91879260724045,440.2001525720331,436.7114922241577,438.2173156738281,66390600,-0.701476933412323,-0.1598192980631906,438.376320156673
SPY,2021-11-08,439.3115707807346,439.8072799359265,437.9086171102104,438.59136962890625,50405200,-0.7202011518283484,-0.16393858020821606,438.76908889168106
SPY,2021-11-09,438.9561209854995,439.189946581114,435.73867850639124,437.1416320800781,51149100,-1.814488905421399,-0.41336452977297444,437.35675238919447
SPY,2021-11-10,435.45812386633844,437.14168548634404,432.1471735790114,433.62493896484375,69429700,-1.8331849014946897,-0.4209784594711973,434.30459934339973
SPY,2021-11-11,435.1120049244367,435.18684509775545,433.74647146457994,433.7651672363281,34848500,-1.3468376881085646,-0.3095381586500841,434.23282793288786
SPY,2021-11-12,435.02789318029676,437.59061289028136,434.08322852376944,437.0387878417969,53466700,2.0108946615001173,0.4622449946368622,436.2375430852826
SPY,2021-11-15,438.32012144161854,438.47910686218404,436.06603927869656,437.1883850097656,46980500,-1.1317364318529144,-0.2581986033702207,437.24451038354874
SPY,2021-11-16,436.92650252909095,440.05040906326917,436.85169089743965,438.918701171875,48857500,1.9921986427840466,0.4559573821346313,438.60693371086126
SPY,2021-11-17,438.6568243884033,438.8345341273656,437.2351750198691,437.85247802734375,47858300,-0.8043463610595722,-0.1833657466018068,437.97406239152616
SPY,2021-11-18,438.88131251708705,439.6015136712342,436.16894112064045,439.3396301269531,50625600,0.4583176098660715,0.10442859989583807,438.37002830627597
SPY,2021-11-19,439.2273759676528,440.4713442276694,438.1892039343977,438.5539855957031,57315600,-0.6733903719496652,-0.1533124774989566,439.07151125259014
SPY,2021-11-22,440.4245466558774,442.90309222744014,437.11356827439874,437.3193359375,72762000,-3.105210718377407,-0.705049421508207,439.11199881311296
SPY,2021-11-23,436.99201694576334,438.7503901392518,434.4012394044777,437.8992614746094,73206500,0.9072445288460358,0.20761123628458347,437.01696367277964
SPY,2021-11-24,435.9070933030563,439.1900143055321,435.09338467174774,439.06842041015625,61858800,3.1613271070999645,0.7252295628284513,437.78393979581205
SPY,2021-11-26,432.4277214537044,433.88679095900204,428.1533825042478,429.2757568359375,112669600,-3.1519646177669074,-0.7288997585933805,430.43864343306245
SPY,2021-11-29,434.04579477237445,436.37468863148496,431.8571905656505,434.54150390625,86268800,0.4957091338755504,0.11420664359517961,434.25779436779516
SPY,2021-11-30,432.10968361693193,434.00834623655254,425.84314648487594,426.0863342285156,148559600,-6.023349388416307,-1.3939399223823101,428.645942316648
SPY,2021-12-01,431.77304290871774,434.6070082311195,421.15735424039565,421.353759765625,131939200,-10.419283143092741,-2.4131388733537746,425.7060407457134
SPY,2021-12-02,421.56892113358685,429.3693408365679,421.17608151058477,427.807373046875,127637800,6.238451913288145,1.4798177950388574,426.1175984646759
SPY,2021-12-03,429.46279691605116,430.5196646058951,419.875947732394,424.0848083496094,137331600,-5.377988566441786,-1.2522594751072333,424.8268068959662
SPY,2021-12-06,426.61951391631123,430.9780267874127,424.2157797535011,429.107421875,98977500,2.4879079586887656,0.5831678761831817,428.10040947197126
SPY,2021-12-07,434.36378278494004,438.5445855755073,428.97643192913154,437.9833984375,95484700,3.6196156525599577,0.8333143314464785,435.16813864737964
SPY,2021-12-08,438.376262173592,439.592143920361,436.6272226459906,439.1431884765625,72238800,0.7669263029704894,0.17494704187855759,438.45418501430476
SPY,2021-12-09,437.86190851469047,439.2461666446599,435.9819696893162,436.1783752441406,61272600,-1.6835332705498445,-0.38448954746045494,437.13550385937225
SPY,2021-12-10,438.8719839338528,440.4339230591345,436.3279600988827,440.2842712402344,77159800,1.412287306381586,0.32179937614665494,439.0153847994172
SPY,2021-12-13,439.7698539667308,440.1159113005939,436.10345586445044,436.3840637207031,87724700,-3.385790246027682,-0.7699004866949842,437.5344769619158
SPY,2021-12-14,433.129161990558,435.60770751030805,430.4729067407916,433.3816833496094,97264100,0.25252135905139994,0.05830162944717742,433.1540992002363
SPY,2021-12-15,433.4378558520737,440.39647953000116,430.9312236978613,440.1533203125,116899300,6.71546446042629,1.5493488558410975,437.16034118012084
SPY,2021-12-16,441.99589716215934,442.276476487203,434.7285786686983,436.2718505859375,116568600,-5.724046576221838,-1.295045183218477,437.75896858061293
SPY,2021-12-17,433.2054531879676,436.19955239682724,429.9297889238789,431.6286315917969,135511600,-1.5768215961707028,-0.3639893229798566,432.5859909708343
SPY,2021-12-20,426.5697072198734,427.4331925902882,423.4348251006853,427.03900146484375,107134800,0.46929424497034233,0.1100158396218339,425.9690063852724
SPY,2021-12-21,430.4460118667737,434.76352423036354,428.2872700067012,434.62274169921875,69806300,4.176729832445062,0.9703260611780954,432.5578453120945
SPY,2021-12-22,434.3693368416024,439.0810403325154,434.17221265287645,438.9684143066406,58890200,4.599077465038249,1.0587942276218623,437.40722243067745
SPY,2021-12-23,439.96331276152887,443.19205915092374,439.860081786321,441.69970703125,56439700,1.7363942697211314,0.3946679687499991,441.5839493228316
SPY,2021-12-27,443.0699825475692,447.9975710329418,443.0230645907993,447.9506530761719,56808600,4.88067052860265,1.1015574786943838,446.323762899971
SPY,2021-12-28,448.3824616482978,449.4055195900255,446.8244014321464,447.58465576171875,47274600,-0.7978058865790558,-0.1779297708581739,447.9381922612968
SPY,2021-12-29,447.6879018485856,449.1708589058926,446.6930004438283,448.1571960449219,54503000,0.46929419633625,0.10482619574896888,448.0070184648809
SPY,2021-12-30,448.5795345178264,449.5838309519996,446.45834427104364,446.9182434082031,55329000,-1.6612911096232779,-0.3703448289073158,447.6534728770821
SPY,2021-12-31,446.4301930229222,447.5752433544864,445.5197611440757,445.79193115234375,65237400,-0.6382618705784466,-0.14297013968893335,446.2956452169686
SPY,2022-01-03,447.04963382232506,448.50446299701963,444.7501094779795,448.373046875,72668200,1.3234130526749368,0.29603268911319874,447.2092064499997
SPY,2022-01-04,449.79038632097485,450.5037227535474,446.3739104001781,448.2229309082031,71178700,-1.5674554127717215,-0.3484857525730152,448.36685468730957
SPY,2022-01-05,447.85686371156027,448.62651310720656,439.522193776869,439.6160583496094,104538900,-8.24080536195089,-1.8400533808181927,442.588255077895
SPY,2022-01-06,439.1561460016045,441.9062031753526,436.8471978839519,439.20306396484375,86858900,0.04691796323925246,0.010683663126755156,439.31882167471605
SPY,2022-01-07,439.21240288799294,440.38563825349837,436.11504433699366,437.46661376953125,85111600,-1.745789118461687,-0.397481743908515,437.98909878667445
SPY,2022-01-10,434.2848710913376,437.13815924974546,428.55947603097115,436.92230224609375,119362000,2.6374311547561433,0.6073044055456968,434.2066458422701
SPY,2022-01-11,436.65950709740383,440.9957810759172,433.6747741107534,440.90191650390625,74303100,4.242409406502418,0.9715600685538448,438.52415723019226
SPY,2022-01-12,442.628843747025,444.1399857731622,440.1415905324824,442.0938415527344,67605400,-0.5350021942905983,-0.1208692569064404,442.12513928612634
SPY,2022-01-13,443.1920935855011,443.83972192368026,434.97944444252323,436.00250244140625,91173100,-7.189591144094834,-1.6222291074576245,438.2738896025366
SPY,2022-01-14,432.8676006358353,436.52808978679013,431.6568135400959,436.1808166503906,95890900,3.313216014555337,0.7654109500661598,434.78857332575893
SPY,2022-01-18,431.5065888243464,431.71307940228024,427.3486494050049,428.4561767578125,109709100,-3.0504120665339087,-0.7069213183615236,429.17263518836586
SPY,2022-01-19,429.99552299874756,431.3846155465078,423.73512555326494,424.00732421875,109357600,-5.9881987799975605,-1.3926188668748074,426.37568843950754
SPY,2022-01-20,425.88451127200136,430.56805849452223,417.2025680670074,419.31439208984375,122379700,-6.570119182157612,-1.54269972451791,422.3616728837912
SPY,2022-01-21,418.19743405643766,420.5439049938418,411.05479027183264,411.08294677734375,202271200,-7.1144872790939075,-1.701226908564383,414.2272140143394
SPY,2022-01-24,405.49836193837206,413.3355811285161,394.9204805481449,412.8287353515625,251783900,7.330373413190443,1.8077442725414803,407.02826567607445
SPY,2022-01-25,406.46519132589884,412.71619506212875,400.9181290647834,407.7886047363281,167997300,1.323413410429282,0.32559083500170755,407.14097628774675
SPY,2022-01-26,413.6546772543713,416.7707975901355,402.5230040310263,406.76544189453125,186391100,-6.889235359840029,-1.6654556901344035,408.68641450523097
SPY,2022-01-27,411.34580659722957,414.47129370991206,403.0768441751336,404.75689697265625,149878300,-6.5889096245733185,-1.6017933132900193,407.435011619234
SPY,2022-01-28,406.1084105135008,414.8560610276969,401.54688476779603,414.80914306640625,164457400,8.700732552905436,2.142465491395231,410.4040296206331
SPY,2022-01-31,414.1427300497246,422.62757707476004,412.800555532894,422.2803039550781,152251400,8.13757390535352,1.964920138614161,419.2361455209107
SPY,2022-02-01,423.0030831577815,425.7719308528355,419.4927711274475,425.1336975097656,123155400,2.13061435198415,0.5036876648933133,423.4661331633495
SPY,2022-02-02,427.52700300171256,429.986099950846,425.22745003532464,429.2633972167969,117361000,1.7363942150843172,0.40614843106819193,428.15898240098915
SPY,2022-02-03,423.2564492415284,425.15238749253155,418.33822656188164,419.173583984375,118024400,-4.082865257153401,-0.9646315524476607,420.88806601292936
SPY,2022-02-04,418.9389343536051,424.9740508376599,416.57367327477516,421.1446228027344,118454400,2.2056884491292976,0.5264940229373831,420.8974489717231
SPY,2022-02-07,421.904914890702,423.2940075029743,418.4696776323214,419.7930908203125,84472900,-2.1118240703895026,-0.5005450270558209,420.51892531853605
SPY,2022-02-08,419.29559079665904,424.16686670467533,417.87831319896964,423.2470397949219,81012000,3.9514489982628334,0.942401753081902,421.76407323285565
SPY,2022-02-09,427.2641492685104,429.76079747969317,427.0670537538867,429.4416809082031,92589900,2.177531639692745,0.5096452963396877,428.75651071392764
SPY,2022-02-10,423.6224701723359,429.6012734878491,419.7367292271085,421.7265319824219,140103700,-1.895938189914034,-0.4475537355567418,423.68817823245985
SPY,2022-02-11,421.81102228825836,423.87589961159756,411.98400045457316,413.41064453125,153214600,-8.400377757008357,-1.9915026666296274,416.4235148658069
SPY,2022-02-14,412.9038039524639,414.48062552290673,408.6050532231465,412.0590515136719,123006300,-0.8447524387919998,-0.20458819480608445,411.714910086575
SPY,2022-02-15,416.4798954872886,418.87328476278253,415.96365461373694,418.704345703125,88482700,2.2244502158363844,0.5341074659159092,417.8470950265482
SPY,2022-02-16,416.66754036033973,420.5439150243388,414.79975861551924,419.173583984375,84863600,2.5060436240352715,0.6014492086107814,418.17241920807766
SPY,2022-02-17,416.0011909472556,419.14546811188006,409.6188006839309,410.219482421875,102259100,-5.781708525380623,-1.389829801259795,412.99458373922863
SPY,2022-02-18,410.4728334127503,411.72117196742954,405.3012310451236,407.563232421875,132642900,-2.9096009908752762,-0.7088413054487169,408.1952118114761
SPY,2022-02-22,405.36701591706196,408.7553067777766,399.7072995562741,403.1894836425781,124391800,-2.1775322744838377,-0.5371754950406129,403.8840299922096
SPY,2022-02-23,406.089688998042,406.65284780613894,395.47425574268425,396.03741455078125,132578000,-10.052274447260743,-2.475382832807954,399.38817269986816
SPY,2022-02-24,385.7785700815535,402.4291467489523,385.42193057202616,401.99737548828125,213942900,16.218805406727768,4.204174794701301,396.6161509364199
SPY,2022-02-25,403.22691227876925,410.95150442325064,401.58438272743587,410.8670349121094,121804500,7.640122633340127,1.894745216821778,407.80097402093196
SPY,2022-02-28,405.49831437664733,411.2894169660434,404.2500045029786,409.8158264160156,145615000,4.317512039368296,1.064742290237481,408.4517492950126
SPY,2022-03-01,408.32350426508583,410.3227021337157,400.8804765076019,403.5742492675781,137785900,-4.749254997507705,-1.1631108539920012,404.92580930296526
SPY,2022-03-02,405.8175082648305,412.71613952126535,405.06664891646875,410.99853515625,117726500,5.181026891419492,1.2766888529704419,409.59377453132805
SPY,2022-03-03,413.42005221055416,414.020733918867,407.1596546990393,408.9523620605469,105501700,-4.467690150007286,-1.0806660504536676,410.04425022615106
SPY,2022-03-04,405.2355714996603,406.7560802365222,401.60323870750193,405.6297912597656,113978200,0.39421976010532944,0.09728162773234232,404.6630367345966
SPY,2022-03-07,405.04777437562143,405.7517156092554,393.6063805668149,393.6720886230469,137896600,-11.375685752574554,-2.808480004638984,397.67672826637244
SPY,2022-03-08,393.85047743128945,400.974360268534,389.6268294424803,390.68743896484375,164772700,-3.1630384664456983,-0.803106419236858,393.762876225286
SPY,2022-03-09,399.0314631063885,403.1330895948316,396.8539312695745,401.16204833984375,116990800,2.1305852334552355,0.5339391577969844,400.3830230680833
SPY,2022-03-10,396.57231346186796,400.2421971081939,394.62006242432875,399.3505554199219,93972700,2.7782419580539113,0.7005637720397873,398.07093831748153
SPY,2022-03-11,401.82845214023683,402.4385288577548,393.76598140373204,394.2728271484375,95636300,-7.555624991799334,-1.8803111008083733,396.8257791366414
SPY,2022-03-14,395.04244919429476,398.4776572170098,390.2556430646185,391.3913269042969,95729200,-3.651122289997886,-0.924235432785641,393.3748757286417
SPY,2022-03-15,393.9911812029325,400.62700703537814,392.72410997435713,399.9981689453125,106219100,6.006987742379977,1.5246503041107322,397.7830953183493
SPY,2022-03-16,403.48976588827804,408.92417189713063,398.7123259052682,408.86785888671875,144954800,5.378092998440707,1.332894524995175,405.5014522297059
SPY,2022-03-17,406.9624734004391,413.9831237792969,406.58704383141486,413.9831237792969,102676900,7.020650378857795,1.725134585554202,411.5177637966695
SPY,2022-03-18,412.3788587296018,418.8375640496455,411.6444865688326,418.5174560546875,106345500,6.138597325085698,1.4885819665917444,416.3331688910552
SPY,2022-03-21,418.3479881152232,420.34397249520026,414.9020791690174,418.39508056640625,88349800,0.04709245118306171,0.011256765305655374,417.880377410208
SPY,2022-03-22,419.77901181940337,424.222912400997,419.77901181940337,423.29083251953125,74650400,3.5118207001278847,0.8365879668225847,422.4309189133105
SPY,2022-03-23,420.76766221116077,422.25522626407883,417.754837158317,417.8395690917969,79426100,-2.9280931193638935,-0.6958930978622687,419.28321083806424
SPY,2022-03-24,419.8544117415458,424.14766886587796,418.74344361122075,424.13824462890625,64736900,4.283832887360461,1.020313891568086,422.34311903533495
SPY,2022-03-25,424.7690334312819,426.48257795134367,422.1987166511893,426.20953369140625,77101300,1.4405002601243382,0.33912553570301135,424.96360943131305
SPY,2022-03-28,425.61644404723825,429.2412414550781,423.7334353919897,429.2412414550781,68529800,3.6247974078398784,0.8516582144644698,427.4053061007153
SPY,2022-03-29,433.11073878007403,435.04083957177517,430.4368703799773,434.5512390136719,86581500,1.4405002335978452,0.3325939776176517,433.3429829884747
SPY,2022-03-30,433.41200225218296,434.22171073456144,429.7683859125433,431.8679504394531,79666900,-1.5440518127298333,-0.3562549732601588,431.95268236218595
SPY,2022-03-31,431.10541007140074,431.9245142006821,424.7690759011227,425.22100830078125,121699900,-5.88440177061949,-1.3649566053102655,427.3048661341954
SPY,2022-04-01,426.79325811561665,426.9344779963225,422.86720176985517,426.42608642578125,89048800,-0.36717168983540205,-0.08603033971448927,425.4092553973196
SPY,2022-04-04,426.6237670104872,430.18265143910884,425.8046630222813,430.0790710449219,59601000,3.4553040344346755,0.8099183171737683,428.6887951687707
SPY,2022-04-05,428.59148024604485,431.0487920562619,423.50736405781134,424.6465759277344,74214500,-3.9449043183104777,-0.9204346096767476,426.4009106806025
SPY,2022-04-06,420.7488018120138,422.6694495834861,417.5288449887846,420.4004211425781,106898000,-0.34838066943569856,-0.08280015722810101,420.1995719049496
SPY,2022-04-07,419.52485288651064,424.3265300513527,417.58535653376873,422.5188293457031,78097200,2.9939764591924813,0.7136589021109575,421.47690531027484
SPY,2022-04-08,421.7656645610829,424.2700693409283,419.8544120623101,421.3890686035156,79272700,-0.37659595756724684,-0.08929033091376876,421.83785000225134
SPY,2022-04-11,418.13149186572025,418.96944454638094,413.6876188235551,414.1866149902344,89770500,-3.9448768754858747,-0.9434536628378956,415.6145594533902
SPY,2022-04-12,417.1616704401845,419.6754993093874,411.1078052988178,412.6518859863281,84363600,-4.509784453856355,-1.0810639551562058,414.47839686484446
SPY,2022-04-13,412.4070937143792,418.1314267488248,412.22820561338756,417.37823486328125,74070400,4.971141148902063,1.2053966153028703,415.91262240849784
SPY,2022-04-14,417.6041663493815,418.7151631152427,412.0775414258065,412.1811218261719,97869500,-5.423044523209626,-1.298608816721557,414.3246087890737
SPY,2022-04-18,411.25852895351096,414.0265541496611,410.1287121962291,412.3506774902344,66002500,1.092148536723414,0.26556252571891864,412.16864794537486
SPY,2022-04-19,412.2469673182449,419.7225120961973,412.07750347771895,419.0069885253906,77821000,6.760021207145712,1.6397988931540486,416.9356680331023
SPY,2022-04-20,420.77715653151193,421.3891286413037,417.53837911661236,418.6964111328125,65224400,-2.0807453986994346,-0.494500560784033,419.2079729635762
SPY,2022-04-21,422.3022765002863,423.68628874029804,411.5314668018448,412.435302734375,85417300,-9.866973765911325,-2.336471839006209,415.88435275883927
SPY,2022-04-22,411.3526468930056,412.45419083312686,400.55359142974106,401.1184997558594,132471800,-10.234147137146238,-2.487925436835266,404.70876067290914
SPY,2022-04-25,398.8871230668873,403.6134641154083,394.33964139419555,403.4440002441406,119647700,4.556877177253341,1.1423976643360387,400.4657019179148
SPY,2022-04-26,400.9207048061077,401.11844136754604,391.73164371973945,391.7598876953125,103996300,-9.160817110795222,-2.2849448783707875,394.8699909275327
SPY,2022-04-27,392.83317570300943,398.1809410211438,390.7336398727966,392.8614196777344,122030000,0.02824397472494411,0.007189814015682112,393.9253335238916
SPY,2022-04-28,397.58784935923745,404.5079115448034,393.1721919995158,402.7849426269531,105449100,5.1970932677156725,1.3071559596429918,400.15501539042407
SPY,2022-04-29,398.8117805304688,400.95840906428657,387.15595335566474,387.8997497558594,145491100,-10.912030774609434,-2.73613551738494,392.0047040586035
SPY,2022-05-02,387.96571223373144,391.59050980090655,381.3280891927511,390.2347412109375,158312500,2.2690289772060623,0.5848529665526414,387.7177800681984
SPY,2022-05-03,390.73370329446914,394.42438400889665,389.1801982351646,392.0235595703125,100028200,1.2898562758433627,0.33011134308813045,391.87604727145794
SPY,2022-05-04,392.6825612700032,404.52670026180385,389.5096966956075,403.9617919921875,144247900,11.279230722184309,2.8723533547569136,399.3327296498663
SPY,2022-05-05,399.7155972479429,400.1392856315828,385.4894825550537,389.6038513183594,172929100,-10.111745929583549,-2.529735141486423,391.7442065016653
SPY,2022-05-06,387.0523990067409,390.53594745704976,381.996525832566,387.2783508300781,151770800,0.22595182333719777,0.05837757986180641,386.603608039898
SPY,2022-05-09,381.4034332083206,382.63680165762764,373.306489727517,374.8788146972656,155586100,-6.524618511054996,-1.710686885057818,376.9407020274701
SPY,2022-05-10,380.829020441603,382.32600865511546,371.72469101869683,375.7449035644531,132497200,-5.0841168771498815,-1.3350129859469282,376.5985344127551
SPY,2022-05-11,374.7845967667288,380.4053781846459,369.03199096468177,369.7757873535156,142361000,-5.008809413213157,-1.3364501786957672,373.0710521676144
SPY,2022-05-12,366.59347147586817,372.64733635025226,362.6203227573482,369.3897399902344,125090800,2.7962685143662043,0.7627709525509854,368.21913303261164
SPY,2022-05-13,373.50415422453636,379.59568805484594,372.4684937718504,378.2210998535156,104174400,4.716945628979261,1.2628897364669238,376.7617605600706
SPY,2022-05-16,376.5828802088455,380.33947297147097,374.3420954969533,376.6864318847656,78622400,0.10355167592013004,0.02749771202097724,377.12266678439664
SPY,2022-05-17,382.7496362466939,384.6703125334466,379.03068379558096,384.4349365234375,83029700,1.6853002767435896,0.44031401133908893,382.71197761748834
SPY,2022-05-18,379.8969587790726,380.17939855656863,367.7044674442447,368.9378356933594,117674500,-10.959123085713202,-2.8847619946561434,372.2739005647242
SPY,2022-05-19,365.8873016619092,371.0844224400129,364.46562134290997,366.67816162109375,98510700,0.7908599591845586,0.21614851228571383,367.40940180133884
SPY,2022-05-20,370.24649717138874,373.8053816147372,358.2799877872286,366.8382568359375,131432200,-3.4082403354512394,-0.9205327697870292,366.3078754126345
SPY,2022-05-23,369.8510659686335,374.464459331566,367.54439801959404,373.70184326171875,76414900,3.8507772930852298,1.04116971597746,371.9035668709596
SPY,2022-05-24,369.5969651859958,372.0354581355591,364.3245347963622,370.84918212890625,91448800,1.2522169429104224,0.33880606738214347,369.0697250202758
SPY,2022-05-25,369.36147972355167,376.0838329447459,368.9660640825553,374.12548828125,91472900,4.764008557698332,1.28979572024239,373.058461769517
SPY,2022-05-26,375.34950112064234,383.2298868677585,375.14236904234315,381.60107421875,82168300,6.251573098107656,1.665533876944815,379.99111004295054
SPY,2022-05-27,384.04902332628,391.082061612425,383.8513154679152,390.9690856933594,84768700,6.9200623670793675,1.8018695392437512,388.6341542578998
SPY,2022-05-31,389.3591187342328,392.098899884848,386.0450337124154,388.775390625,95937000,-0.5837281092328226,-0.14992023588158504,388.9731080740878
SPY,2022-06-01,390.8843163808003,391.89170405110434,383.1263021350257,385.6307067871094,86585800,-5.253609593690953,-1.3440318205483783,386.8829043244132
SPY,2022-06-02,385.47063713429924,393.02148998349895,383.229852686857,392.97442626953125,79609600,7.503789135232012,1.9466564797301713,389.74192297996234
SPY,2022-06-03,388.2763611795485,389.82044199768814,385.55542873821975,386.5251770019531,71874300,-1.7511841775953485,-0.4510148833875463,387.30034924595367
SPY,2022-06-06,390.517145497597,392.2400856938536,386.5345720353619,387.7020568847656,57508900,-2.8150886128314028,-0.7208617202311095,388.8255715379937
SPY,2022-06-07,384.22791205148525,391.87292239964444,383.76655540466106,391.4209899902344,59272400,7.193077938749127,1.8720862574359978,389.0201559315133
SPY,2022-06-08,389.7168739200945,391.496330865678,386.37454509732197,387.1654052734375,64350000,-2.5514686466569856,-0.6546980173047692,388.34542707881246
SPY,2022-06-09,385.39533612934156,387.6549405235344,377.95745849609375,377.95745849609375,86289800,-7.437877633247808,-1.929934520731097,381.1899525052406
SPY,2022-06-10,371.78124073607813,372.6285889009698,366.95131884403355,366.9983825683594,132893900,-4.782858167718757,-1.2864710866662676,368.85943010445425
SPY,2022-06-13,357.63041909690946,359.4757595056047,351.4635486063113,353.0641174316406,170004900,-4.566301665268838,-1.2768213835947433,354.66780851451887
SPY,2022-06-14,354.8058760643675,355.8321122307695,348.91205036955256,352.00018310546875,104011800,-2.80569295889876,-0.7907684590854301,352.2481152352636
SPY,2022-06-15,355.2860394664343,361.4434854707774,350.352566259201,357.0184326171875,125666800,1.7323931507531825,0.48760518520651036,356.27149478238863
SPY,2022-06-16,348.83673585883366,349.24157577546,342.7828419203488,345.2025146484375,134473300,-3.634221210396163,-1.041811494264999,345.7423107814154
SPY,2022-06-17,345.61578942511153,349.2751458907682,342.45758461496894,345.94671630859375,111113900,0.33092688348222055,0.09574993203657618,345.8931489381103
SPY,2022-06-21,351.6484557704295,356.0358907381536,351.57279392157506,354.6553649902344,76811900,3.006909219804868,0.8550895561924211,354.0880165499877
SPY,2022-06-22,350.4476289196659,358.10676218449237,350.03157524112396,354.012451171875,90059400,3.564822252209126,1.0172196807832592,354.05026286583046
SPY,2022-06-23,356.1400622033362,358.2108372321225,352.59416909235296,357.4827575683594,79292100,1.3426953650231894,0.37701328986026433,356.0959212976116
SPY,2022-06-24,360.64083785574906,368.85785361765244,360.6124718749588,368.848388671875,98050300,8.207550816125945,2.275824020630975,366.10623805482874
SPY,2022-06-27,369.7656112640716,370.05873603154885,366.3521130366236,367.43951416015625,66009600,-2.3260971039153446,-0.6290734002990181,367.95012107610955
SPY,2022-06-28,368.99029067465796,371.76080759717377,359.81823772369825,359.93170166015625,86548900,-9.058589014501706,-2.4549667683502125,363.83691566034275
SPY,2022-06-29,360.48012203098745,361.46349531064214,357.8230692449071,359.6385498046875,65676000,-0.8415722262999452,-0.23345870545050537,359.6417047867456
SPY,2022-06-30,355.7617301279105,359.94116789384236,352.2820347335468,356.7167663574219,112508300,0.9550362295113928,0.26844827552643713,356.313322994937
SPY,2022-07-01,356.0643267434046,360.9245770809683,353.4545407189356,360.4895935058594,74839700,4.425266762454783,1.2428278909400048,358.28957043525446
SPY,2022-07-05,355.42128921408255,361.18927901231945,352.60347679290015,361.17034912109375,81438000,5.749059907011201,1.6175339186135087,358.32103497543784
SPY,2022-07-06,361.31214134920015,364.8674977439354,358.9387776277065,362.3901062011719,70426200,1.0779648519717284,0.29834725396894407,362.06546052427126
SPY,2022-07-07,364.15839292566767,368.61202540572873,362.4090803527021,367.8177490234375,64525900,3.6593560977698303,1.004880340219642,366.2796182606228
SPY,2022-07-08,366.19131407700297,369.37791296325037,364.66895843815024,367.51513671875,72397800,1.3238226417470287,0.36151120762756656,367.1873360400502
SPY,2022-07-11,364.84865422697527,365.81312646509326,362.62655612996804,363.31683349609375,58366900,-1.5318207308815204,-0.41985100208936565,363.9188386970516
SPY,2022-07-12,362.7683546438425,365.1417473906216,358.36198975909855,360.1018371582031,62219200,-2.6665174856393605,-0.7350468836393641,361.2018581026411
SPY,2022-07-13,354.68376178018957,361.1325642695577,354.2677081449695,358.2107238769531,84224600,3.5269620967635547,0.9943962698098768,357.8703320971601
SPY,2022-07-14,353.27481661524047,358.41872587951195,350.8447207380731,357.3407897949219,89704800,4.065973179681407,1.1509377369827496,355.5347454708356
SPY,2022-07-15,361.7282870982627,364.2813411355363,359.82770841913714,364.1678771972656,79060400,2.4395900990029418,0.6744261330992432,362.7589755839797
SPY,2022-07-18,367.2409038432845,367.9122512360592,359.94109388829537,361.160888671875,63203600,-6.080015171409514,-1.6555931291368577,363.0047445987432
SPY,2022-07-19,365.06616172189337,371.4865990503367,364.41374406055814,370.91925048828125,78506000,5.853088766387884,1.6032953420774054,368.9398645330587
SPY,2022-07-20,371.1083094752707,374.6920322047229,369.74668471412105,373.2831115722656,71843800,2.174802096994938,0.5860289412732373,372.57394283036984
SPY,2022-07-21,372.70638143368456,377.1316481251823,370.3140872351293,377.0843811035156,64903900,4.37799966983107,1.174651116246059,374.8433721546091
SPY,2022-07-22,377.2073701915935,378.3987705792751,371.3731817307929,373.5858154296875,72197300,-3.6215547619059976,-0.9600965007832468,374.45258924658515
SPY,2022-07-25,374.20980770925064,374.89062013717165,371.8080487473427,374.03961181640625,53631500,-0.17019589284439007,-0.04548140891502955,373.5794269003068
SPY,2022-07-26,372.4037671603326,372.61179398374196,368.7255101067166,369.6143493652344,52946400,-2.7894177950982453,-0.7490304989039772,370.3172178185643
SPY,2022-07-27,372.8954459743451,380.9517310966384,372.60232120977315,379.2118835449219,82342100,6.316437570576795,1.693889705215483,377.5886452837778
SPY,2022-07-28,380.0156283887417,384.6583576476985,376.47917243204495,383.9681091308594,73966600,3.9524807421177,1.0400837352074535,381.7018797368676
SPY,2022-07-29,385.39594499465454,390.5493202190506,384.63003453579483,389.56591796875,87003700,4.169972974095458,1.08199710667773,388.2484242411985
SPY,2022-08-01,386.8804412732961,390.9085837211499,386.1712628905919,388.4122619628906,69997500,1.5318206895944968,0.3959416207635071,388.49736952487746
SPY,2022-08-02,386.85206507545166,390.520885762128,384.67726296854556,385.8497619628906,63435400,-1.0023031125610373,-0.2590920930887491,387.015970231188
SPY,2022-08-03,387.96791512064965,393.0550936237523,387.68425525698314,391.8920593261719,67820600,3.924144205522225,1.0114610132907256,390.8771360689691
SPY,2022-08-04,391.8163857696468,392.4971982786844,389.9914400358886,391.6272888183594,45656600,-0.18909695128741077,-0.04826162410639533,391.3719757109775
SPY,2022-08-05,387.36270800499386,391.6083135328843,387.3059760405287,390.96533203125,56814900,3.6026240262561373,0.930038940715401,389.959873868221
SPY,2022-08-08,392.64847494128367,394.8894742630945,389.41460845921597,390.511474609375,53886100,-2.1370003319086663,-0.5442528032811618,391.6051857772284
SPY,2022-08-09,389.78339679657284,390.2845484240548,387.89225422395475,388.96075439453125,44931800,-0.8226424020415948,-0.21105116554539397,389.0458523475136
SPY,2022-08-10,395.9863903656601,397.2723824771048,394.0385155870953,397.1305236816406,68665700,1.1441333159805254,0.28893248450382714,396.14714058194687
SPY,2022-08-11,399.9672378861389,401.8205786097931,396.39297914273305,397.1305236816406,59489700,-2.8367142044982643,-0.7092366413535623,398.4480271447223
SPY,2022-08-12,399.0594922732407,403.95754514425806,398.11392088393785,403.8535461425781,61694500,4.794053869337404,1.20133813683471,401.9750040569247
SPY,2022-08-15,401.6502867542093,406.03775117563913,401.593554788117,405.5176696777344,54048300,3.867382923525099,0.9628731887080046,404.38299188049683
SPY,2022-08-16,404.4491742905428,408.2314590393534,403.6454330101121,406.31195068359375,59289000,1.8627763930509218,0.46057119446923767,406.0629475776864
SPY,2022-08-17,402.7282345419043,406.1228316979683,401.43280661081104,403.4279479980469,63563400,0.6997134561425469,0.1737433326318572,403.66119543560876
SPY,2022-08-18,403.6265587430193,405.28130854866936,402.34059560234215,404.60052490234375,49023200,0.9739661593244477,0.24130378396248,404.07414301778505
SPY,2022-08-19,401.8488709739081,402.1136297635589,398.29351392155985,399.1634521484375,68016900,-2.685418825470606,-0.6682658629753795,399.856865277852
SPY,2022-08-22,394.3504946497515,394.52071941279587,389.95359392592934,390.8518981933594,77695600,-3.4985964563921357,-0.8871794263880582,391.7754038440282
SPY,2022-08-23,390.42627200562737,392.8091294662985,389.35777212607724,389.9062194824219,49105200,-0.5200525232054929,-0.13320121121306025,390.69104035826587
SPY,2022-08-24,389.6794230561428,392.5161373089439,388.99863933775816,391.154541015625,49177800,1.4751179594821906,0.37854653651282577,390.889772554109
SPY,2022-08-25,392.6389975097295,396.7238722445992,391.551596341063,396.6766052246094,50942300,4.037607714879869,1.0283256987940474,394.98402460342385
SPY,2022-08-26,396.5631721445434,397.1021258692278,383.1927797477306,383.24951171875,103087000,-13.313660425793387,-3.3572609261206656,387.8481391119028
SPY,2022-08-29,380.30874334599116,383.7506074648165,379.3631721580166,380.71533203125,65370800,0.4065886852588392,0.10691015980375174,381.276370551361
SPY,2022-08-30,381.8689548878579,382.1053477002366,374.44621480785787,376.5359191894531,85652400,-5.333035698404785,-1.3965617341087386,377.6958272325159
SPY,2022-08-31,378.16230081283413,379.4009968343616,373.53847243354284,373.67083740234375,76029700,-4.491463410490383,-1.1877078706249373,375.53676889008267
SPY,2022-09-01,371.50548804103204,375.18374505731157,368.8106043103933,374.8433532714844,78740100,3.337865230452337,0.8984699655590758,372.9459008797298
SPY,2022-09-02,378.4932391584454,379.70356914138836,369.08479416646423,370.8908386230469,99632100,-7.602400535398544,-2.0085961250726636,373.2264006436332
SPY,2022-09-06,371.7323623623068,372.66846849505936,367.2787306665415,369.4913635253906,76637400,-2.2409988369161624,-0.6028527682322116,369.81285422899714
SPY,2022-09-07,369.1794089387667,376.89527448554435,368.96194600017765,376.1293640136719,70964200,6.949955074905176,1.8825413624457907,373.99552816646457
SPY,2022-09-08,373.86946832524006,379.0417158852862,372.66857424769665,378.5878601074219,80821700,4.718391782181811,1.262042552797369,376.7660500801349
SPY,2022-09-09,380.81943952057867,385.32983384058576,380.5546806667677,384.4693603515625,76706900,3.649920830983831,0.9584386856875768,383.45129161963865
SPY,2022-09-12,386.5306369628963,389.3200838556924,386.22804721967884,388.6014404296875,69256300,2.070803466791176,0.5357410949523144,388.0498571683529
SPY,2022-09-13,379.95888974243803,381.1597837204144,370.5883038747845,371.7040710449219,122947100,-8.254818697516157,-2.1725557475735955,374.4840528800403
SPY,2022-09-14,372.99953814630686,374.63538699892314,369.8318682968079,373.1224670410156,85023700,0.12292889470876389,0.03295684904053306,372.52990744558224
SPY,2022-09-15,371.57167994308946,374.40839376655435,367.6191989412992,368.8862609863281,87633800,-2.685418956761339,-0.7227189534930762,370.30461789806054
SPY,2022-09-16,364.72387185360486,366.7272091723702,362.7964492553366,366.07208251953125,103084800,1.3482106659263877,0.3696524329692192,365.198580315746
SPY,2022-09-19,362.9388950406954,368.91094970703125,362.86292236913584,368.91094970703125,73278500,5.9720546663358505,1.6454711104099822,366.8949405943995
SPY,2022-09-20,365.5973034872937,366.60372391938756,361.9324194562877,364.67633056640625,77274900,-0.9209729208874364,-0.2519091120483181,364.4041579806938
SPY,2022-09-21,366.59425728558,369.63252654265,358.3055291317483,358.3150329589844,106746600,-8.279224326595624,-2.258416263227506,362.08436287779426
SPY,2022-09-22,357.54599929864446,359.17906419104327,354.5647235965844,355.3052978515625,89472600,-2.2407014470819604,-0.626688999870584,356.3496952130634
SPY,2022-09-23,351.849185813524,351.8871721443201,344.9276764863623,349.3521423339844,122346900,-2.4970434795396272,-0.7096914189999096,348.7223303215556
SPY,2022-09-26,347.8900111292315,351.49793062480813,344.6808467381226,345.8961486816406,92581200,-1.9938624475908568,-0.573130122684147,347.3583086815238
SPY,2022-09-27,349.41861164213634,351.6783204261148,342.6300104380139,345.0131530761719,108294100,-4.405458565964466,-1.2607967690274036,346.44049464676687
SPY,2022-09-28,345.96264208515834,353.48231433980953,344.2726122472369,351.8017883300781,110802200,5.839146244919789,1.6877967545069472,349.85223830570817
SPY,2022-09-29,348.2697731293536,348.5545981921768,341.5191583646997,344.4529724121094,112952300,-3.8168007172442344,-1.0959322375147975,344.842242989662
SPY,2022-09-30,343.51297496490554,347.4152519853497,338.9935866635343,339.1264953613281,153711200,-4.386479603577413,-1.27694728387641,341.8451113367374
SPY,2022-10-03,342.82934672559077,349.92177979795235,341.0538697447387,348.079833984375,89756500,5.250487258784233,1.531516280310406,346.3518278423553
SPY,2022-10-04,353.5772481816866,358.8942051643231,348.04193496218414,358.86572265625,103602800,5.2884744745633725,1.4957055358510725,355.2672875942524
SPY,2022-10-05,354.5171835950493,360.2803561426698,352.2005099841954,358.0301513671875,88065700,3.512967772138211,0.990916078175475,356.83700583135095
SPY,2022-10-06,356.6344579970455,359.57777574073987,353.8430566051313,354.3367919921875,82333500,-2.2976660048580015,-0.644263601941974,355.9192081126862
SPY,2022-10-07,350.32060050692866,354.4222552620788,342.69647392447916,344.4529724121094,107789500,-5.867628094819281,-1.6749309307898468,347.1905671995558
SPY,2022-10-10,345.5638554657178,345.8012193680551,339.59180054497295,341.822998046875,76042800,-3.7408574188427792,-1.08253723868233,342.4053393199677
SPY,2022-10-11,340.1329308775536,344.68083086003986,337.7308096086358,339.658203125,92482800,-0.47472775255357647,-0.13957124096416187,340.6899478645585
SPY,2022-10-12,340.0664188676814,341.6330143237362,338.2909131107378,338.53778076171875,76991800,-1.5286381059626706,-0.4495116310080173,339.48723606539755
SPY,2022-10-13,331.55934562012055,348.934398580659,330.5149387795829,347.47222900390625,147254500,15.912883383785697,4.799407283792163,342.30718878804936
SPY,2022-10-14,349.9218097110879,351.54539946318886,338.91762404448093,339.55377197265625,123737000,-10.368037738431667,-2.962958424052508,343.3389318267753
SPY,2022-10-17,345.61129877486803,349.38063819195844,339.22145295922246,348.2792663574219,93168200,2.6679675825538425,0.7719561229656912,345.6271191695343
SPY,2022-10-18,356.1692206517508,356.4730533438476,348.94384975105197,352.37139892578125,97162900,-3.797821725969527,-1.0662970031548284,352.59610067356033
SPY,2022-10-19,350.33958306364724,353.0550409179747,347.07345375673924,349.8743591308594,79746900,-0.46522393278786467,-0.13279228362367093,350.00095126852443
SPY,2022-10-20,349.42812063236454,353.8336082385052,346.18096994205536,346.9405517578125,88283100,-2.4875688745520392,-0.711897162154624,348.985043312791
SPY,2022-10-21,346.66512495382386,355.8558455809557,345.1649982836205,355.37164306640625,131038400,8.706518112582387,2.5115067786937333,352.1308289769941
SPY,2022-10-24,356.89079533106695,360.85000802447814,354.251281568688,359.72015380859375,85436900,2.829358477526796,0.7927798964112156,358.2738144672533
SPY,2022-10-25,359.6443098323772,365.7777851510882,359.53037979164054,365.4644775390625,78846300,5.820167706685311,1.6183121900073913,363.5908808272638
SPY,2022-10-26,362.33113065355525,367.9898761863748,362.0747881509625,362.7109069824219,104087300,0.37977632886662605,0.10481471138889004,364.25852377325305
SPY,2022-10-27,363.7078921191661,365.54033411277726,360.15690917044486,360.7740783691406,81971800,-2.933813750025479,-0.8066401124626236,362.15710721745427
SPY,2022-10-28,360.6696356798568,369.8318749398546,360.4892368270884,369.3571472167969,100302000,8.687511536940065,2.408717196434969,366.55941966124664
SPY,2022-10-31,366.9075331139263,368.7684575139983,365.7871827386335,366.68914794921875,96631300,-0.21838516470756986,-0.05952049085886725,367.0815960672835
SPY,2022-11-01,370.42055862920466,370.65792248879427,363.91678308143315,365.0845947265625,85407600,-5.335963902642163,-1.44051505196922,366.55310009893
SPY,2022-11-02,364.4959449170633,368.9868796691869,355.8179370887984,355.92236328125,126990400,-8.573581635813298,-2.3521747650070877,360.24239334641175
SPY,2022-11-03,352.69424875731005,355.2862727989772,350.1497148774445,352.25750732421875,87100100,-0.4367414330912993,-0.12383004107101911,352.56449833354685
SPY,2022-11-04,357.9447159505611,359.7201930621012,351.29852759073634,357.32757568359375,103505200,-0.6171402669673398,-0.17241217413377838,356.11543211214376
SPY,2022-11-07,358.61883592099326,361.3342937720169,356.5490298438672,360.7456359863281,68286900,2.126800065334862,0.5930530837491799,359.54298653407074
SPY,2022-11-08,361.8469872621732,365.6543132529755,358.628348045763,362.6920166015625,84641100,0.8450293393893276,0.23353223023439706,362.32489263343365
SPY,2022-11-09,360.72655587582796,361.8754176849635,354.7259912478047,355.2197265625,78495500,-5.506829313327955,-1.5265938211722783,357.2737118317561
SPY,2022-11-10,368.4361720364201,375.07288526749676,366.1480099232559,374.7405700683594,141455800,6.304398031939286,1.7111235297809175,371.9871550863707
SPY,2022-11-11,375.5951003651524,379.1650623418643,373.7151680311234,378.3675231933594,93839900,2.7724228282069703,0.7381413723213187,377.08258452211567
SPY,2022-11-14,376.6109731037082,379.95304559781977,374.873453538742,375.1488037109375,71903500,-1.4621693927707042,-0.38824396982401876,376.65843428249974
SPY,2022-11-15,380.8740351133509,381.9754068751759,374.5506585528321,378.3484802246094,93194500,-2.5255548887415102,-0.6630945288748514,378.29151521753914
SPY,2022-11-16,376.72498240572435,377.6744379820254,374.83557508091235,375.46221923828125,68508500,-1.2627631674430972,-0.3351949635458818,375.99074410040635
SPY,2022-11-17,370.7244135980539,374.98748880867356,370.420609836842,374.3133544921875,74496300,3.5889408941336,0.9680886293139558,373.2404843792344
SPY,2022-11-18,377.6364392872866,377.7029081294727,373.1740156097614,376.01287841796875,92922500,-1.6235608693178278,-0.4299269615988264,375.629934052401
SPY,2022-11-21,374.69315056273854,375.81350115294237,372.8132181507224,374.6456604003906,51243200,-0.0474901623479127,-0.012674414324518313,374.42412656801844
SPY,2022-11-22,376.58254674649424,379.84867604647417,375.1773421488015,379.687255859375,60429000,3.104709112880755,0.8244431771212078,378.2377580182169
SPY,2022-11-23,379.3549636956731,382.5641281776776,379.12710362952333,382.0799255371094,68261600,2.7249618414362544,0.7183145344638956,381.2570524481034
SPY,2022-11-25,381.51965705763075,382.5450851329431,381.24433584905154,381.994384765625,30545400,0.4747277079942478,0.12443073357096707,381.92793524920654
SPY,2022-11-28,378.91824880487053,380.55131366861434,375.13940491752146,375.89898681640625,67881600,-3.0192619884642795,-0.796810921085802,377.196568467514
SPY,2022-11-29,376.0318273628986,377.2186467005862,373.4208248199859,375.2532958984375,52310000,-0.7785314644610821,-0.20703871529197487,375.2975891396698
SPY,2022-11-30,375.50019965825663,387.0740661621094,373.59181353575764,387.0740661621094,144566700,11.573866503852742,3.0822530891824127,382.57998195332544
SPY,2022-12-01,388.10894326432475,389.2767840474977,384.29214230054805,386.7892150878906,76398200,-1.3197281764341255,-0.3400406507858578,386.7860471453121
SPY,2022-12-02,381.918429921581,387.24486074159796,381.81400373691196,386.3428955078125,85342700,4.42446558623152,1.1584844405492534,385.13391999544075
SPY,2022-12-05,383.5325856510467,384.46303355724604,378.044733664679,379.3929443359375,77289800,-4.139641315109202,-1.0793453985356054,380.6335705192875
SPY,2022-12-06,379.23152341918535,379.7726910257881,371.8447608883039,373.9240417480469,77972200,-5.307481671138476,-1.399535994077113,375.18049788737966
SPY,2022-12-07,373.07902147703123,375.642562745206,372.1580485447694,373.28790283203125,65927900,0.2088813550000168,0.055988501892454086,373.69617137400223
SPY,2022-12-08,375.1678109877032,377.2755741052636,373.39230509643045,376.2121887207031,60737900,1.0443777329999193,0.2783761565925363,375.62668930746577
SPY,2022-12-09,374.977955065578,377.52248883512004,373.2784216185342,373.40185546875,81447700,-1.5760995968279872,-0.4203179348376229,374.7342553074681
SPY,2022-12-12,374.1898882628355,378.7852783203125,373.52528680664847,378.7852783203125,75405800,4.595390057477005,1.2280903898314717,377.0319478157578
SPY,2022-12-13,389.4856572201214,389.7419997878151,378.8992336233936,381.65264892578125,123782500,-7.833008294340175,-2.011115980559273,383.43129411233
SPY,2022-12-14,381.3108436618965,385.0042397963437,376.27874065040004,379.2125549316406,108111300,-2.098288730255888,-0.5502829948671519,380.16517845946146
SPY,2022-12-15,374.37031204526374,375.2723064084485,368.28432746344345,369.9363708496094,117705900,-4.43394119565437,-1.1843730800743297,371.16433490716713
SPY,2022-12-16,367.39063871161915,368.7259745587609,363.4418577702044,365.56884765625,119858000,-1.8217910553691468,-0.4958730199979727,365.91222666173843
SPY,2022-12-19,365.759669606674,366.0935108885857,360.8093643098223,362.468994140625,79878100,-3.290675466048981,-0.8996824252350365,363.12395644634427
SPY,2022-12-20,361.7154394063112,364.5768857232749,360.39916944320595,362.9649353027344,74427200,1.2494958964231841,0.34543615237270486,362.64699682307173
SPY,2022-12-21,365.5497703655622,369.5176461213456,365.01563604345074,368.39215087890625,78167400,2.8423805133440396,0.777563205825998,367.6418110145675
SPY,2022-12-22,365.35897373224327,368.3730338595665,357.4613834622674,363.1365966796875,100120900,-2.222377052555771,-0.6082721959320099,362.9903380005071
SPY,2022-12-23,362.1160465590039,365.36856088727086,360.5708701156697,365.2254943847656,59857300,3.1094478257617197,0.8586882175780797,363.7216417959021
SPY,2022-12-27,365.111034770745,365.4543943707275,362.11604019958503,363.78521728515625,51638200,-1.3258174855887432,-0.36312720222801004,363.78521728515625
SPY,2022-12-28,363.7183696822059,365.6832559480354,359.03516224980564,359.2640686035156,70911500,-4.454301078690264,-1.224656616211645,361.3274956004522
SPY,2022-12-29,362.0969531215619,366.59896307537,361.57233717485457,365.7309875488281,66970900,3.634034427266215,1.003608120957099,364.6340959330176
SPY,2022-12-30,363.0603608203926,364.91073618698925,360.95240752085664,364.7676696777344,84022200,1.7073088573417863,0.47025482305031885,363.54360446186007
SPY,2023-01-03,366.61805852310664,368.5829161214832,360.380097012264,363.2320251464844,74850700,-3.3860333766222652,-0.9235860858198439,364.0650127600772
SPY,2023-01-04,365.4829951067627,368.05830845065526,362.44986897863134,366.0362243652344,85934100,0.5532292584716743,0.151369356681032,365.5148005981737
SPY,2023-01-05,364.09041452635574,364.2048677167,361.26712910136496,361.8584899902344,76970500,-2.231924536121369,-0.6130138138969886,362.44349560276646
SPY,2023-01-06,364.9393357955822,371.2726847102666,361.88714364948856,370.1567077636719,104189600,5.217371968089651,1.4296545908693492,367.772178707809
SPY,2023-01-09,372.3409551357516,375.5171770773959,369.7656707294841,369.9468688964844,73978100,-2.39408623926721,-0.6429822468480136,371.74323890112146
SPY,2023-01-10,369.3649760616946,372.607942270048,368.4302265858901,372.5411682128906,65358100,3.1761921511960054,0.8599061516502554,371.1931123562763
SPY,2023-01-11,374.114959561899,377.3293122418992,373.3042107916954,377.25299072265625,68881100,3.1380311607572366,0.8387879395231815,375.96217125208364
SPY,2023-01-12,378.3499708858858,380.08589280712,374.2962553998828,378.6265563964844,90157700,0.2765855105985793,0.07310308758606995,377.66956820116235
SPY,2023-01-13,375.4408047607676,380.66772351572655,375.1737376190185,380.0954284667969,63903900,4.65462370602927,1.239775657575424,378.6456298671806
SPY,2023-01-17,380.0764304370912,381.74560764780887,378.72199954995557,379.3992004394531,62677300,-0.6772299976380509,-0.17818258208203822,379.95560254573917
SPY,2023-01-18,380.58192119114887,381.6406423942581,373.20891710602956,373.4092102050781,99632300,-7.17271098607074,-1.8846693935491001,376.0862565684553
SPY,2023-01-19,371.3775761257745,373.0181398927505,369.3745869323046,370.69085693359375,86958900,-0.6867191921807603,-0.18491132376505925,371.027861252883
SPY,2023-01-20,372.0833537682657,377.74901897003355,370.44279029051245,377.5964050292969,91806400,5.513051261031194,1.4816710302134974,375.2627380966143
SPY,2023-01-23,378.3976836413568,384.0538025302996,377.4438681481197,382.1271057128906,84178800,3.7294220715338042,0.9855826905823581,381.2082587971033
SPY,2023-01-24,380.45787568340137,382.6230260729778,379.27515395089165,381.7169189453125,59524900,1.2590432619111311,0.3309284266095325,381.2050329897273
SPY,2023-01-25,377.66320358749766,382.19382654932406,375.383570904274,381.8599853515625,84800300,4.196781764064838,1.1112498448879253,379.8124609350535
SPY,2023-01-26,384.5116168819161,386.2189546426973,381.55478324321655,386.0567932128906,72287400,1.5451763309745274,0.4018542647696006,384.6101770329348
SPY,2023-01-27,385.01715091180836,389.3093204688235,384.80731034691763,386.94384765625,68346200,1.9266967444416423,0.5004184202908326,387.02015949066373
SPY,2023-01-30,384.1969135920661,386.4193202496225,381.7933087492669,382.0889892578125,74202000,-2.107924334253596,-0.5486572795563255,383.433872752234
SPY,2023-01-31,382.6039606559222,387.75455778693544,382.2605719895161,387.7068786621094,86811800,5.102918006187167,1.3337337118619765,385.90733614618694
SPY,2023-02-01,386.49550726473996,394.5648060301805,383.7676093537023,391.82733154296875,101459200,5.331824278228794,1.3795307262334164,390.0532489756172
SPY,2023-02-02,395.6998505537126,398.990525390848,393.811314654258,397.53118896484375,101654500,1.831338411131128,0.4628099830132589,396.7776763366499
SPY,2023-02-03,392.58087711398565,397.71240862486854,392.1039694138387,393.3057861328125,94736800,0.7249090188268497,0.18465214713358866,394.3740547238399
SPY,2023-02-06,390.86396795639956,392.2946908625446,389.25201782015887,390.902099609375,60295300,0.03813165297543719,0.009755735013080238,390.8162694306928
SPY,2023-02-07,389.98652766410515,397.25459690875016,388.746579192855,396.0146484375,90990700,6.028120773394846,1.5457253894131588,394.00527484636837
SPY,2023-02-08,394.04976837031427,395.38510413414,390.99754738888123,391.6842956542969,76227500,-2.3654727160173934,-0.6002979587579416,392.68898239243936
SPY,2023-02-09,395.27060073163324,395.4232146721326,387.0677833556222,388.2886657714844,78694900,-6.9819349601488625,-1.7663683935070111,390.2598879330797
SPY,2023-02-10,387.115514984604,389.57637508525863,386.304795158678,389.1948547363281,70769700,2.0793397517241488,0.5371367644117406,388.3586749934216
SPY,2023-02-13,389.84344339763004,393.89715897184107,389.3856015126722,393.76361083984375,64913500,3.9201674422137103,1.0055748040926376,392.34879044145237
SPY,2023-02-14,392.24703262517374,395.8810669412816,389.6431352333331,393.5823974609375,88389300,1.3353648357637553,0.34043975471952465,393.0355332118507
SPY,2023-02-15,391.39817989035606,394.9368270971994,390.5588176281302,394.86053466796875,61555700,3.4623547776126884,0.8846118749409135,393.45205979776614
SPY,2023-02-16,389.91022227936105,393.8399372390062,389.2902480643342,389.42376708984375,76431500,-0.4864551895173008,-0.1247608197275648,390.8513174643947
SPY,2023-02-17,387.30627658309317,388.6893205477336,385.3890983264304,388.45086669921875,89257800,1.1445901161255847,0.2955258371290616,387.5097618577943
SPY,2023-02-21,384.44485161266954,385.49405442565177,380.4006834333242,380.658203125,82655900,-3.786648487669538,-0.9849653264402689,382.18431366132535
SPY,2023-02-22,381.06835703282917,382.6040151198372,378.68381828938857,380.1336364746094,83742300,-0.9347205582197944,-0.24528947129012546,380.4738232946117
SPY,2023-02-23,383.01409817857655,383.62455398812614,377.94934088551855,382.1556701660156,96242400,-0.8584280125609212,-0.22412439036661452,381.2431883465535
SPY,2023-02-24,377.15767915293793,378.9031484388594,375.4598889913447,378.0733337402344,108194400,0.9156545872964443,0.24277765982464464,377.4787903901461
SPY,2023-02-27,381.4022342047944,382.7566651462307,378.4263342299673,379.361083984375,80444700,-2.0411502204194107,-0.5351699694877542,380.181361120191
SPY,2023-02-28,378.8840643154278,380.8393740486185,377.85392748484423,377.9588623046875,96438600,-0.9252020107402927,-0.24419132338330424,378.88405461271674
SPY,2023-03-01,377.1481328157973,378.36901530523187,375.21188881048784,376.5090637207031,99706800,-0.6390690950941575,-0.16944776852608334,376.6966559454743
SPY,2023-03-02,374.5442691664858,380.2767097219892,374.2104279148554,379.4373474121094,85127800,4.893078245623599,1.3064085205502407,377.9748283496513
SPY,2023-03-03,381.24957080469574,385.7706758956866,380.60098327540186,385.5226745605469,90120000,4.273103755851139,1.1208153616624368,383.96477791054514
SPY,2023-03-06,386.3429340367841,388.6321143894144,385.35098693265746,385.78973388671875,72795900,-0.5532001500653223,-0.14318888772860322,386.5909450695969
SPY,2023-03-07,385.74205640878506,385.9805102708599,379.26564136455426,379.8760681152344,108310600,-5.865988293550686,-1.5207022921385274,381.7074065835495
SPY,2023-03-08,379.9905117430244,381.2495258844479,378.2736266459541,380.49603271484375,74746600,0.505520971819351,0.13303515645706934,380.0063950817486
SPY,2023-03-09,381.2781862155012,382.93784492488635,372.4935538973947,373.4759826660156,111945300,-7.802203549485569,-2.0463283323205137,376.30246049609894
SPY,2023-03-10,372.9322836127058,375.0020758920174,366.5703510301064,368.0869140625,189253000,-4.845369550205817,-1.2992625640417297,369.8864469948746
SPY,2023-03-13,364.1763138433217,372.36006758594726,363.0698843092262,367.5623474121094,157790000,3.3860335687876955,0.9297786374553885,367.66409976909426
SPY,2023-03-14,372.46494954234544,375.27871688636895,369.17427445242896,373.6381530761719,149752400,1.1732035338264382,0.31498360725431346,372.6970481383232
SPY,2023-03-15,368.0678201070447,371.501532087288,365.9884805177744,371.3012390136719,172996900,3.2334189066271506,0.8784845427907225,369.59708387291147
SPY,2023-03-16,368.95487198316505,378.1591845711939,368.4493509964938,377.8157958984375,143254200,8.860923915272451,2.401628109054151,374.80811048870845
SPY,2023-03-17,376.49072469808146,377.62051539098667,372.019393803673,373.39813232421875,140553400,-3.092592373862715,-0.8214259133057665,374.3460138396261
SPY,2023-03-20,374.17366441642594,377.4003145707897,373.47474047713115,376.98858642578125,93055800,2.814922009355314,0.7523036164893013,375.95454715790066
SPY,2023-03-21,380.3397261702914,382.41741807740124,378.75034606302717,381.9386901855469,91524200,1.5989640152554898,0.4204041558728939,381.03548477532513
SPY,2023-03-22,381.7662983699507,385.36631171212144,375.3896402926609,375.42791748046875,111746600,-6.338380889481925,-1.660277744930674,378.7279564950837
SPY,2023-03-23,378.28116967824513,382.3024953130758,373.7428390023417,376.44287109375,119351300,-1.838298584495135,-0.4859609020609558,377.4960684697225
SPY,2023-03-24,375.169370284557,378.9991923934878,372.8331764605713,378.91302490234375,107682400,3.743654617786774,0.9978572117833878,376.91513125213424
SPY,2023-03-27,381.18227006179575,381.9482521763477,378.73118573368964,379.6216125488281,74010400,-1.560657512967623,-0.40942552567164664,380.1003501529552
SPY,2023-03-28,378.9321602551606,379.62152939764496,376.9406656319968,378.7694091796875,62871700,-0.16275107547312473,-0.042949924166777884,378.44386806977644
SPY,2023-03-29,382.9152413925595,384.5142052275328,381.7184217978642,384.27484130859375,77497900,1.3595999160342558,0.3550654998975119,383.5024894446636
SPY,2023-03-30,386.8982643494234,387.14721217774354,384.6674054592339,386.5248718261719,69840000,-0.37339252325153893,-0.09650922675484352,386.1131631543831
SPY,2023-03-31,387.44397246110736,392.2695566903632,387.3386371549544,391.9727478027344,112062600,4.528775341627011,1.1688852230322466,390.52698054935064
SPY,2023-04-03,391.4557374933837,393.86851514556844,391.06317718146,393.4664001464844,67391100,2.010662653100667,0.5136372929352327,392.7993641578376
SPY,2023-04-04,394.1079241464662,394.3951783979073,389.91426336080593,391.283447265625,66601500,-2.824476880841189,-0.7166759935005775,391.86429634144605
SPY,2023-04-05,390.555750574138,391.3121487439596,388.612116709327,390.2589416503906,65200200,-0.2968089237473919,-0.07599655703726466,390.06106903455907
SPY,2023-04-06,389.4642249836437,392.05895083799805,388.4206018294357,391.7812805175781,63743300,2.317055533934422,0.5949341134045704,390.75361106167065
SPY,2023-04-10,389.3110132842087,392.2599929388598,388.69825688508763,392.1833801269531,63681000,2.872366842744441,0.737807753886358,391.04720998363354
SPY,2023-04-11,392.8057915925013,393.68663448889265,391.52280443872803,392.28875732421875,59297900,-0.5170342682825435,-0.13162592796465625,392.4993987506132
SPY,2023-04-12,394.3472458215589,394.63450004221784,390.1057243914606,390.68975830078125,86420400,-3.657487520777636,-0.9274789058454943,391.80999424481996
SPY,2023-04-13,391.7716880699347,396.2334348165877,390.6323135315357,395.8791809082031,85814800,4.107492838268399,1.0484404471655377,394.2483097521088
SPY,2023-04-14,395.247346836435,397.4303450042046,392.6143432506971,394.9122314453125,78161500,-0.33511539112248556,-0.08478624684131433,394.9856399000714
SPY,2023-04-17,394.82598073584927,396.348331709265,393.600438675659,396.3291931152344,66436400,1.5032123793851042,0.3807278276327007,395.42598783338616
SPY,2023-04-18,397.89938650253947,398.0334443121423,395.2185225027445,396.5876770019531,63560000,-1.3117095005863462,-0.32965858834717615,396.61321460561334
SPY,2023-04-19,394.6823936174116,397.4207029205089,394.62494861239765,396.5207214355469,55227300,1.8383278181352694,0.4657739610035067,396.18879098948446
SPY,2023-04-20,393.7153643600863,396.09944900781187,392.81535363221457,394.35687255859375,75840400,0.641508198507438,0.16293704959929478,394.4238917328734
SPY,2023-04-21,394.6536546185458,395.122798546293,392.719604685716,394.6632385253906,73457400,0.009583906844852663,0.0024284348396864663,394.16854725246657
SPY,2023-04-24,394.46222643757187,395.4962951187261,393.1313779995801,395.07501220703125,64332100,0.6127857694593786,0.1553471355149791,394.56756177511244
SPY,2023-04-25,393.11213941820307,393.667480074213,388.74614386404556,388.8035888671875,97766700,-4.308550551015571,-1.096010557545266,390.40573760181536
SPY,2023-04-26,389.4163794213185,390.48872511908525,386.6014573550663,387.1567687988281,80447000,-2.2596106224903565,-0.5802556702540835,388.08231709099323
SPY,2023-04-27,389.6844798717997,395.13240528174725,389.43553203327593,394.86431884765625,92968400,5.179838975856569,1.3292392290195025,393.14408538755987
SPY,2023-04-28,393.9834220992783,398.2441114946902,393.9259770969372,398.2345275878906,89433100,4.251105488612325,1.079006184057436,396.80153872650595
SPY,2023-05-01,397.794121569062,399.8526454839488,397.6026187410231,397.8324279785156,62122300,0.03830640945363939,0.00962970727233055,398.42923073449583
SPY,2023-05-02,397.12387775512695,397.1717680701673,390.4695783796922,393.361083984375,103998500,-3.762793770751955,-0.9475113387848603,393.6674768114115
SPY,2023-05-03,393.8589703711037,396.26219357490066,390.421707847698,390.66107177734375,91531800,-3.1978985937599305,-0.8119400177039998,392.4483243999808
SPY,2023-05-04,389.61751289427843,389.94304438604945,386.563226310056,387.89410400390625,94901900,-1.723408890372184,-0.4423335279694745,388.13345823333725
SPY,2023-05-05,391.5132752749416,396.11863557761006,391.25477271426985,395.07501220703125,87891800,3.561736932089673,0.9097359290278039,394.14947349963705
SPY,2023-05-08,395.4004926700738,395.6589951973901,393.7823901542241,395.1802673339844,50046800,-0.2202253360894133,-0.055696778373306575,394.87388422853286
SPY,2023-05-09,393.6387073887216,394.5578565410412,393.21742460657003,393.44720458984375,49220100,-0.19150279887787747,-0.04864938210681777,393.74082857915164
SPY,2023-05-10,396.2717922718493,396.9037165760063,391.47492959256664,395.2856140136719,96142900,-0.9861782581774037,-0.24886410726425576,394.5547533940816
SPY,2023-05-11,394.42388691061444,394.88344694585095,392.5281141075764,394.5962219238281,70157100,0.17233501321368294,0.04369284390038427,394.0025943257518
SPY,2023-05-12,395.83132277822824,396.04196418738917,391.6663849084535,394.07916259765625,70481500,-1.752160180571991,-0.44265324135393674,393.9291705644996
SPY,2023-05-15,394.68238356588824,395.84089676313823,392.77705610324665,395.43878173828125,54289400,0.7563981723930056,0.19164731031546853,394.6855782015554
SPY,2023-05-16,394.3376320009185,395.2568103742265,392.7865586723953,392.796142578125,57705500,-1.5414894227935179,-0.39090598961397816,393.6131705415823
SPY,2023-05-17,394.80685403141115,398.16750358670436,393.16961300605146,397.5643310546875,87287000,2.7574770232763512,0.6984369686390917,396.3004825491478
SPY,2023-05-18,397.2483654807399,401.8154478860798,397.02816936927354,401.3941650390625,97177200,4.145799558322608,1.0436291042520631,400.07926076480527
SPY,2023-05-19,402.29419356642416,402.82078253891825,399.59416135067175,400.81011962890625,103793300,-1.4840739375179055,-0.3689026491685779,401.07502117283207
SPY,2023-05-22,400.82922685915275,402.50477416103354,399.5941009523831,400.97283935546875,60745400,0.14361249631599549,0.03582884847028868,401.0239048229618
SPY,2023-05-23,399.33562263531513,400.90586405626465,396.08027900023137,396.47283935546875,86383500,-2.862783279846383,-0.7168865279170847,397.81966080398826
SPY,2023-05-24,394.87383509017286,395.256811470501,392.44188978529047,393.60040283203125,89213700,-1.2734322581416109,-0.32249091861222245,393.76636802927425
SPY,2023-05-25,397.09513966858555,398.4547395231807,394.86428090134467,397.00897216796875,90961600,-0.08616750061679568,-0.021699459904926267,396.7759975308314
SPY,2023-05-26,397.6600131701632,402.8685738627077,397.58342958022524,402.1504821777344,93830000,4.490469007571164,1.1292231702586706,400.8674952068891
SPY,2023-05-30,404.075071050647,404.6016600541862,400.9250332798918,402.30377197265625,72216000,-1.7712990779907614,-0.43835891023545615,402.6101551022448
SPY,2023-05-31,400.4845749210063,401.38458562978974,398.5122184875182,400.0728759765625,110811800,-0.41169894444379906,-0.10280020011382579,399.98989336462347
SPY,2023-06-01,400.3026119453019,404.9271388982078,399.05793134165066,403.8739318847656,88865000,3.571319939463706,0.8921550429332941,402.6196673748747
SPY,2023-06-02,406.43990546910896,410.4995078956091,405.9133165725639,409.71441650390625,91426200,3.2745110347972854,0.8056568734356624,408.7090803240264
SPY,2023-06-05,410.0591119636998,411.34209905139056,408.23036813311154,408.9293212890625,65460200,-1.12979067463732,-0.27551897803878916,409.5005961578549
SPY,2023-06-06,408.5176374533879,410.3463521322916,407.86654536905576,409.81976318359375,64022200,1.3021257302058302,0.3187440665531616,409.34422022831376
SPY,2023-06-07,410.2123458801246,411.34213665805225,407.98145760891026,408.4027404785156,85373300,-1.8096054016089624,-0.4411386979897917,409.24211158182607
SPY,2023-06-08,408.46970190729934,411.32293010381545,407.7037491177831,410.8729248046875,61952800,2.4032228973881615,0.588347896102601,409.96653467542865
SPY,2023-06-09,411.6676134571485,413.6112472123868,410.62399032938276,411.61016845703125,85742800,-0.05744500011724085,-0.013954218947374262,411.94846866626693
SPY,2023-06-12,412.58679062643665,415.4208510939883,411.86869890795646,415.34423828125,76104300,2.7574476548133475,0.6683315407715001,414.2112627610649
SPY,2023-06-13,416.7995935234062,418.72405947829276,416.13894679853814,418.08258056640625,95899700,1.2829870430000483,0.30781868863027084,417.6485289477457
SPY,2023-06-14,418.4176322305589,420.380404293596,415.1431216045968,418.58038330078125,100612100,0.1627510702223276,0.03889680015507749,418.034636399658
SPY,2023-06-15,417.7666315386717,425.0145781797127,417.6709093443267,423.7698974609375,110303100,6.003265922265825,1.4369902881317407,422.1517949949923
SPY,2023-06-16,425.74761712421093,426.31461080665895,421.8555294193706,422.326416015625,114165800,-3.421201108585933,-0.8035749281922123,423.49885208055156
SPY,2023-06-20,420.39474593750015,421.2788606271551,418.0690838007341,420.13525390625,76160400,-0.2594920312501472,-0.06172580265518488,419.82773277804637
SPY,2023-06-21,419.15507151836675,419.9526987151209,417.39640282400495,417.9826354980469,76982300,-1.1724360203198785,-0.2797141439975405,418.4439123457243
SPY,2023-06-22,417.03120545490475,419.5970912948508,416.69484536005575,419.49139404296875,70637200,2.4601885880639998,0.5899291362094555,418.59444356595844
SPY,2023-06-23,416.0510471242086,418.09800801134094,415.60898967891455,416.32012939453125,92074500,0.26908227032265586,0.0646753017887066,416.67570902826225
SPY,2023-06-26,415.75306687518275,417.6654716468784,414.37882655509753,414.61907958984375,72823600,-1.1339872853390034,-0.27275500187216867,415.55445926393986
SPY,2023-06-27,415.49365998386605,419.7797664878717,415.0419830447426,419.16473388671875,72813700,3.6710739028526973,0.8835451070409228,417.995494473111
SPY,2023-06-28,418.08837741440095,420.3852108229733,417.4733448104481,419.37615966796875,75636000,1.2877822535677979,0.30801675510136783,419.07823843379674
SPY,2023-06-29,418.96282157604776,421.1923766583561,418.5592129227273,421.02899169921875,67882300,2.0661701231709912,0.4931631201543146,420.2601937601007
SPY,2023-06-30,424.22923858544607,426.97771946925525,423.91208812792,425.99749755859375,104964000,1.768258973147681,0.416816855680146,425.62910171858965
SPY,2023-07-03,425.65147303128975,426.7662212085631,425.3727713230911,426.487548828125,32793400,0.8360757968352459,0.1964226250366543,426.20884711992636
SPY,2023-07-05,424.68089648543395,426.58371116207974,424.67127697873804,425.85333251953125,58418400,1.1724360340973021,0.2760745877198918,425.7027735534496
SPY,2023-07-06,422.2879821858995,422.9414634252197,420.0199782059898,422.51861572265625,80658300,0.23063353675672715,0.054615226216690606,421.82668578462193
SPY,2023-07-07,421.52880169929125,425.3824701498979,421.21165123791485,421.451904296875,86134200,-0.07689740241625032,-0.018242502554097623,422.68200856156255
SPY,2023-07-10,421.0963071478734,422.6915908752238,420.52931348483696,422.51861572265625,62443500,1.4223085747828463,0.33776325050587164,421.91317336090566
SPY,2023-07-11,423.27785797330125,425.6995982894802,422.3072262142427,425.20947265625,64463800,1.931614682948748,0.45634673455340224,424.4054323866576
SPY,2023-07-12,428.9862448970164,430.03374466313784,427.56393630005715,428.6306457519531,91924500,-0.35559914506325185,-0.08289290141426749,428.74277557171604
SPY,2023-07-13,430.4374003996056,432.8207214455181,430.00496246418476,432.0326843261719,72425200,1.5952839265662533,0.3706192642844785,431.61945607862486
SPY,2023-07-14,432.9168373466267,433.7625035467968,431.00440290074886,431.76361083984375,69815800,-1.1532265067829712,-0.26638522859290154,432.1768390957964
SPY,2023-07-17,431.61937281936156,434.31019499103627,431.5713046172975,433.2626953125,52680200,1.6433224931384416,0.38073418308454704,433.04806497361125
SPY,2023-07-18,432.93600974084484,437.12600898753516,432.5035425061128,436.4821472167969,80668200,3.5461374759520368,0.8190904420435602,435.37056623681497
SPY,2023-07-19,437.27013362266524,438.6347544080096,436.40519925341147,437.4527282714844,65891700,0.18259464881913345,0.041757859679641504,437.4975606443018
SPY,2023-07-20,436.4629102357604,437.35664451536627,433.8393364531686,434.55047607421875,70591600,-1.9124341615416256,-0.4381664779966304,435.24881901425124
SPY,2023-07-21,436.2610765640321,436.4629102357604,434.54088589539646,434.55047607421875,71275600,-1.7106004898133733,-0.3921047697598803,435.18475740179184
SPY,2023-07-24,435.6941036910491,437.29900699604326,434.6658135812287,436.49176025390625,54023400,0.7976565628571279,0.18307719936984654,436.1521936103927
SPY,2023-07-25,436.2226826187103,438.93271480747865,436.1746144107411,437.68341064453125,55191200,1.4607280258209698,0.3348583381891102,437.5969132875837
SPY,2023-07-26,436.75127139466554,439.17301188945186,435.7037714824368,437.750732421875,71052900,0.9994610272094633,0.2288398666861146,437.5425052645879
SPY,2023-07-27,441.12379698695344,441.5274350037331,433.94503488324995,434.848388671875,92194400,-6.275408315078437,-1.422595733429461,436.7736195196194
SPY,2023-07-28,438.1062824263063,439.9321998907834,434.8484367232918,439.1057434082031,80011800,0.9994609818968456,0.22813208164047835,437.9621266740928
SPY,2023-07-31,439.5766136336967,440.2973728160184,438.26962173264826,439.9418029785156,62040400,0.36518934481892984,0.08307751902453245,439.5029325090607
SPY,2023-08-01,438.48102764934566,439.42283016702106,437.7314393035273,438.682861328125,55291500,0.20183367877933733,0.04603019653127255,438.6123769328911
SPY,2023-08-02,435.57876710355214,435.8382298320832,431.83082549706114,432.5804138183594,93933400,-2.9983532851927635,-0.6883607539299433,433.4164897158346
SPY,2023-08-03,430.5718697752152,433.2146530519303,429.9279787635821,431.3406677246094,64276100,0.7687979493941839,0.1785527581714856,431.49443318004063
SPY,2023-08-04,433.14739252633814,435.24239195100046,428.87087677605945,429.38983154296875,100128900,-3.7575609833693875,-0.8675016976215328,431.16770009000953
SPY,2023-08-07,431.21576252551705,433.29155233174345,430.5238325901082,433.1377868652344,58357500,1.922024339717325,0.4457221898523688,432.31772392902866
SPY,2023-08-08,430.610350839472,433.1282275391779,427.90990879603123,431.2542419433594,71361300,0.6438911038873698,0.1495298714097579,430.7641260928562
SPY,2023-08-09,431.52333486681067,431.6867198555809,427.6120079214979,428.3712158203125,78789600,-3.1521190464981714,-0.7304631735549296,429.22331453246375
SPY,2023-08-10,430.7160393980688,434.08920144153984,427.36211636743525,428.5249328613281,93005500,-2.1911065367406763,-0.5087125475528554,429.99208355676774
SPY,2023-08-11,426.6605919753528,429.28416586620887,426.06476909769503,428.27508544921875,68690900,1.6144934738659344,0.3784022954618691,427.8746734710409
SPY,2023-08-14,427.3621646686425,430.6391906738281,427.05463370611966,430.6391906738281,47867400,3.2770260051856326,0.7668030247194418,429.44433835125864
SPY,2023-08-15,428.87090781167177,429.22650696420783,425.0556881700834,425.6227111816406,75707500,-3.2481966300311456,-0.757383298999034,426.6349687719773
SPY,2023-08-16,425.2094830101528,426.8624252963623,422.39372408289853,422.49945068359375,80107200,-2.7100323265590305,-0.6373405191657785,423.9185333542849
SPY,2023-08-17,423.9601232533812,424.2195859756661,418.7610440069637,419.2799987792969,95711300,-4.680124474084323,-1.103906763251701,420.75354292064225
SPY,2023-08-18,416.4738084450364,420.51007098994324,416.12785816689336,419.4817810058594,98852000,3.0079725608229637,0.7222477139807789,418.70657005423203
SPY,2023-08-21,420.49093085043074,422.9511200549091,418.3478921365852,422.2111511230469,68719000,1.7202202726161318,0.4090980676175432,421.1700544381804
SPY,2023-08-22,423.9793093243941,423.9793093243941,420.5100697363889,421.06744384765625,64994200,-2.9118654767378302,-0.6867942403552316,421.8522743028131
SPY,2023-08-23,422.12460773274086,426.37229454971487,421.98046176867535,425.7572326660156,68441000,3.6326249332747693,0.8605574910180759,424.7033296614686
SPY,2023-08-24,427.3524806823666,427.86181593129874,419.8277393822269,419.8565979003906,88517300,-7.495882781975979,-1.7540281432336782,422.5153844046388
SPY,2023-08-25,421.576814401286,424.09466161039535,418.0402966316632,422.8165283203125,102325100,1.2397139190264852,0.2940659629935055,421.65049552079034
SPY,2023-08-28,424.9980575834004,426.11283533772524,422.81657028498825,425.497802734375,61595400,0.49974515097460426,0.11758763176853712,424.80906945236285
SPY,2023-08-29,425.3920253511655,431.92692561420495,425.20943069514846,431.6482238769531,83081900,6.2561985257876245,1.4706901288577443,429.5948600621022
SPY,2023-08-30,431.9845682431216,434.060357945483,431.2830188362327,433.42608642578125,69053900,1.4415181826596495,0.333696684703876,432.923154402499
SPY,2023-08-31,434.04111309241955,435.17510034218884,432.6092144351305,432.79180908203125,66084600,-1.2493040103883004,-0.2878308005173437,433.5253746197836
SPY,2023-09-01,435.5018746110706,435.9823806702833,432.1479223748874,433.59906005859375,58944100,-1.9028145524768547,-0.4369245377361883,433.9097877012548
SPY,2023-09-05,433.1570257317341,433.4741468434639,431.65784909348326,431.72509765625,55166200,-1.4319280754841088,-0.3305794412696288,432.285697864399
SPY,2023-09-06,430.91784492057485,431.0235715081806,426.50680264350075,428.8228454589844,70758500,-2.0949994615904757,-0.4861714329738695,428.7844065368886
SPY,2023-09-07,425.8340750379796,428.1789470044785,425.4881247451009,427.5062561035156,70355400,1.6721810655360514,0.39268371498615084,427.0577759510317
SPY,2023-09-08,427.5542931353447,429.67812174261354,427.1987233377208,428.1501159667969,61659700,0.5958228314521534,0.13935606331604353,428.34232034904375
SPY,2023-09-11,430.7641392036296,431.27347454388655,429.0631580094359,430.9659729003906,60180100,0.20183369676101393,0.04685480484381818,430.43420181790435
SPY,2023-09-12,429.5243994362143,431.042785754672,428.02522280308654,428.601806640625,67565400,-0.9225927955893098,-0.21479403656702342,429.2232717327945
SPY,2023-09-13,428.8228912507801,430.2547901313596,427.72732319853264,429.1015930175781,60199300,0.27870176679800807,0.06499227827719214,429.02790211582345
SPY,2023-09-14,431.56167668891766,433.49329091442695,430.2643045908678,432.8013610839844,83430800,1.2396843950667176,0.28725544042232426,432.18631886309305
SPY,2023-09-15,431.2226976956846,431.5505908236283,427.15292033053095,427.5868835449219,111848900,-3.6358141507627124,-0.8431407182857799,428.7634648996937
SPY,2023-09-18,427.2783073434339,429.12997218957395,426.80575976702727,427.8376770019531,55752200,0.5593696585192447,0.13091459334715058,427.9244696528514
SPY,2023-09-19,426.92147805226983,427.5097785871883,424.27902594225344,426.9504089355469,66514600,0.02893088327704163,0.006776628669288805,426.2464044883295
SPY,2023-09-20,428.20413300123477,428.61881878957314,422.8227534657827,423.0252990722656,82562600,-5.178833928969141,-1.209431093686853,424.82229044254046
SPY,2023-09-21,420.1899872517448,420.45036521142913,415.8791088874586,416.0334167480469,104095800,-4.156570503697935,-0.9892121730182125,417.4542969489782
SPY,2023-09-22,417.055696495469,418.64695406116914,414.68324615845955,415.09796142578125,100829700,-1.9577350696877716,-0.46941813434960256,416.14272054847
SPY,2023-09-25,413.8924379607471,416.8820607506406,413.458445268684,416.843505859375,70874500,2.9510678986279117,0.7130035796662191,415.7280039595665
SPY,2023-09-26,413.81523500166236,414.5192590302796,409.8901119465823,410.7195129394531,96168400,-3.0957220622092336,-0.7480928202647729,411.709627972105
SPY,2023-09-27,411.8864702649676,412.44583993852024,407.257352172029,410.88348388671875,104705800,-1.0029863782488633,-0.24351039683426348,410.195558665756
SPY,2023-09-28,410.333802865898,414.93399013925836,409.745502299644,413.26556396484375,92258300,2.931761098945742,0.7144819847815163,412.648352134582
SPY,2023-09-29,416.3034507511099,416.47703605865223,410.74848546003295,412.2626037597656,115111300,-4.040846991344267,-0.970649410677145,413.16270842615023
SPY,2023-10-02,411.4331625829839,413.34268907348576,409.350050801858,412.0986022949219,83798600,0.6654397119379496,0.16173701404143226,411.5971140567552
SPY,2023-10-03,409.92872106622235,412.15648738227026,405.2224344904491,406.5822448730469,103760600,-3.3464761931754765,-0.8163556299425204,407.98705558192205
SPY,2023-10-04,407.04511036627474,410.28548657051243,405.5888541030079,409.54290771484375,87453000,2.4977973485690086,0.6136414085213786,408.47241612945464
SPY,2023-10-05,409.2535499379355,410.22760521251934,406.1771351507414,409.3885803222656,70142700,0.13503038433015035,0.03299430984792389,408.59777356184213
SPY,2023-10-06,406.9487069673823,415.78263268562836,405.627480956343,414.2492370605469,113273300,7.300530093164582,1.7939681262458793,411.88645023417274
SPY,2023-10-09,412.3590123769111,417.47036086082164,411.80932558041656,416.9013671875,80374400,4.542354810588904,1.1015534217152085,415.39368454291275
SPY,2023-10-10,417.52823984465374,421.6558795794434,417.1328314591845,419.0712890625,78607300,1.54304921784626,0.36956762934654896,419.286666700376
SPY,2023-10-11,420.1320860419277,421.03859681205853,417.7596360182193,420.7878723144531,62451700,0.655786272525404,0.15609049970536143,419.8620350482436
SPY,2023-10-12,421.39548619007036,421.7715876841516,415.8791053042313,418.22259521484375,81154200,-3.1728909752266077,-0.7529484959398629,418.62442940107553
SPY,2023-10-13,419.7174193113071,420.9132978989336,414.5771691952751,416.1394958496094,95143100,-3.577923461697708,-0.8524600831598889,417.2099876479394
SPY,2023-10-16,418.3768791839652,421.5787008605216,418.1357786859934,420.5178527832031,75433200,2.1409735992379524,0.5117332495557293,420.0774441099061
SPY,2023-10-17,417.40284337508905,422.54312271495667,417.0556727686725,420.4985656738281,75324700,3.0957222987390765,0.7416629636988793,420.03245371915244
SPY,2023-10-18,418.7337471858001,419.6884958400442,413.8152906244154,414.8954162597656,93559800,-3.838330926034473,-0.916651918272862,416.13306757474174
SPY,2023-10-19,415.6091165353134,417.4125438390961,410.57493615662145,411.25,121323000,-4.359116535313376,-1.048850076161164,413.0791599985725
SPY,2023-10-20,410.81596589128515,411.35602864539834,406.0903726459754,406.19647216796875,123919900,-4.6194937233163955,-1.1244679143115044,407.8809578197808
SPY,2023-10-23,404.67274501676764,409.3404770106009,402.92717959630676,405.49249267578125,92035100,0.8197476590136148,0.20257051385549787,405.9200497608963
SPY,2023-10-24,407.60452747929617,409.69729291312706,405.7625160007192,408.5496520996094,78564200,0.9451246203132087,0.23187294463043354,408.0031536711519
SPY,2023-10-25,406.8715656507854,406.9004965329498,402.1749032838704,402.68603515625,94223200,-4.185530494535385,-1.0287104943892276,403.92047832435674
SPY,2023-10-26,401.62526644318154,402.4739155692253,396.9479103704744,397.86407470703125,115156800,-3.7611917361502947,-0.9364928081989571,399.095300215577
SPY,2023-10-27,399.4456683619361,399.8410767152927,394.64293578713176,396.06060791015625,107367700,-3.38506045177985,-0.8474395192871789,396.8482068041935
SPY,2023-10-30,398.8381024524088,401.84703208667196,397.5458072598068,400.79583740234375,86562700,1.9577349499349452,0.4908595587776249,400.0628922496075
SPY,2023-10-31,401.3648163745919,403.6311669556289,399.4649432617073,403.31292724609375,79665200,1.9481108715018536,0.48537161007249097,402.1363458211433
SPY,2023-11-01,404.27734347074426,408.4242604346672,403.746904694568,407.6141662597656,98068100,3.336822789021369,0.825379616966549,406.5951104630003
SPY,2023-11-02,411.39458907062107,415.5801196181461,411.37531162600504,415.4258117675781,94938900,4.031222696957059,0.9798920073460295,414.1270810039098
SPY,2023-11-03,417.7211613405119,420.7590222264958,417.5957843520283,419.2159729003906,100167800,1.4948115598787126,0.35784913435596666,419.19025982630495
SPY,2023-11-06,419.96815874248256,420.62394506807493,418.24187084518337,420.1803283691406,67831700,0.21216962665806705,0.050520407855055,419.682048094133
SPY,2023-11-07,420.18031060348386,422.0126685210308,419.04232330462156,421.37615966796875,64256100,1.1958490644848894,0.28460378421048604,420.81038383120705
SPY,2023-11-08,421.97409276953505,422.4948781019278,419.38950241519393,421.6847839355469,61746000,-0.28930883398817286,-0.06856080478527897,421.1897214842229
SPY,2023-11-09,422.82275020857907,422.86133452826135,417.97180945877307,418.3961486816406,83174400,-4.426601526938441,-1.0469165920600991,419.743097556225
SPY,2023-11-10,420.45998395564305,425.23375607657056,418.386496162944,424.9251403808594,89462200,4.465156425216321,1.0619694134049575,422.84846420679133
SPY,2023-11-13,423.5943238724324,425.6195446365516,422.8131605648516,424.5201416015625,52236100,0.925817729130074,0.21856235481778757,424.3176156009886
SPY,2023-11-14,430.43192160638574,434.0387757848984,430.2100985439841,432.7561340332031,97176900,2.3242124268173825,0.539972132676254,432.3350027873619
SPY,2023-11-15,434.08698805976627,435.3117974864374,432.82362374197305,433.67230224609375,77327600,-0.41468581367252,-0.09553057914176062,433.9359078248347
SPY,2023-11-16,433.2287641691467,434.5210596054096,432.1679158464772,434.20281982421875,66665800,0.9740556550720498,0.22483633027924863,433.63059842536853
SPY,2023-11-17,434.2123285978125,435.35034527714225,433.2961643954989,434.7427673339844,83133200,0.5304387361719023,0.12216114127501414,434.46309233554183
SPY,2023-11-20,434.4920338445369,438.92828895080976,434.482380406505,438.0892639160156,69936200,3.597230071478748,0.8279162312020323,437.1666444244435
SPY,2023-11-21,437.0476678056294,437.96386142887025,435.87109625162043,437.13446044921875,49244600,0.08679264358937644,0.019858850643261233,436.9898060432365
SPY,2023-11-22,438.78368021370784,440.1338372741124,437.73248545127797,438.8222351074219,59394900,0.03855489371403564,0.008786765655290013,438.8961859442707
SPY,2023-11-24,438.8704914987227,439.2851773578734,438.5425983009372,439.09228515625,29737400,0.22179365752731428,0.050537382171651386,438.97335360502024
SPY,2023-11-27,438.4653845031241,439.2754786903425,437.9156682731926,438.30145263671875,50506000,-0.16393186640533486,-0.037387641578845505,438.49753320008466
SPY,2023-11-28,437.91566497815336,440.02770779834395,437.3563247451927,438.73541259765625,62115000,0.8197476195028912,0.18719303397008796,438.70648171373097
SPY,2023-11-29,440.8763777024274,442.0047410159344,438.0314094012158,438.4267883300781,63146000,-2.449589372349294,-0.5556181950856667,439.4876462490761
SPY,2023-11-30,439.26581233862987,440.500245661758,437.201978031331,440.1530456542969,79752700,0.8872333156670038,0.20198096249362468,439.28508978246197
SPY,2023-12-01,439.5455435028684,443.2874284363199,438.9572723368323,442.75701904296875,89183400,3.2114755401003663,0.7306354455347603,441.6672399387069
SPY,2023-12-04,439.3815750840775,442.7762596678929,438.1664190963143,440.4327697753906,72430900,1.0511946913131283,0.23924414470770147,440.4584828465326
SPY,2023-12-05,439.0536217240435,441.3006652182618,438.6774908532252,440.3459167480469,69793500,1.2922950240033515,0.29433649104837406,440.108024273178
SPY,2023-12-06,442.4773193670441,442.5062502524176,438.1375099737289,438.5715026855469,69124700,-3.9058166814972424,-0.8827156806781515,439.73842097056445
SPY,2023-12-07,440.6450118203025,442.56416277633394,440.0470871665371,441.91802978515625,66995400,1.27301796485375,0.288898757663208,441.5097599093424
SPY,2023-12-08,441.175389249709,444.3482804916818,440.93428871770044,443.81787109375,83194400,2.642481844041015,0.5989640193971355,443.03348010104406
SPY,2023-12-11,443.32598493677364,445.7177126387657,443.11381530650647,445.5440979003906,65002200,2.2181129636169885,0.5003345256049748,444.7918752818876
SPY,2023-12-12,445.1969053461678,447.67542557959507,444.20357245141867,447.5789794921875,68327600,2.382074146019704,0.5350608050987004,446.4859925077337
SPY,2023-12-13,447.9551241192789,454.0019441507163,447.5983000495941,453.7511901855469,93278000,5.796066066267997,1.2938943555258127,451.78381146195244
SPY,2023-12-14,455.6800061214895,456.8662313358376,452.5456992010771,455.20745849609375,119026000,-0.4725476253957481,-0.10370163690477162,454.8731296776695
SPY,2023-12-15,454.6128802736885,455.784559299069,452.61815952788186,454.45794677734375,141553700,-0.15493349634476772,-0.03408031383789518,454.28688853476484
SPY,2023-12-18,456.05563220988086,457.9922563619539,455.00017559306576,457.0142517089844,70375300,0.95861949910352,0.21019793012058552,456.668894554668
SPY,2023-12-19,457.55647553386444,459.8707554353277,457.4790235748556,459.79327392578125,55761800,2.236798391916807,0.48885733489116756,459.0476843119882
SPY,2023-12-20,458.9412058569742,460.8197337409229,452.9957847839671,453.4218444824219,102921000,-5.519361374552318,-1.2026292919691306,455.74578766910395
SPY,2023-12-21,456.39451800386655,457.99225657048584,453.98343038961036,457.72113037109375,86667500,1.3266123672271988,0.29067228349485996,456.56560577706335
SPY,2023-12-22,458.84435899601766,460.3162123050925,456.7528308577729,458.6410217285156,67160400,-0.20333726750203596,-0.04431508495537606,458.57002163046036
SPY,2023-12-26,459.04777746109835,461.478221018987,458.97029593582954,460.57769775390625,55387000,1.5299202928079012,0.333281276574213,460.3420715695743
SPY,2023-12-27,460.374329818143,461.5556718202345,459.84176995718065,461.4104309082031,68000300,1.0361010900601286,0.22505622554355043,460.9359575618728
SPY,2023-12-28,461.76869846768426,462.41745105376606,461.16834966842947,461.584716796875,77158100,-0.18398167080925987,-0.039842819883586233,461.7235058396902
SPY,2023-12-29,461.39101424995863,461.9139110481109,458.3020963459827,460.2484130859375,122283100,-1.14260116402113,-0.2476426997345305,460.15480682667703
SPY,2024-01-02,457.19826599724024,458.66042679258095,455.58117171261154,457.6727294921875,123623700,0.47446349494725837,0.10377631111796962,457.30477599912666
SPY,2024-01-03,455.5230445204575,456.25897115713644,453.3346793148978,453.9350280761719,103585900,-1.5880164442856426,-0.3486138546420619,454.50955951606875
SPY,2024-01-04,453.46056814569334,456.03628201144517,452.2501779578706,452.472900390625,84232200,-0.9876677550683439,-0.21780675640820307,453.5864534533136
SPY,2024-01-05,452.6762546685268,455.53278743928377,451.6498461147491,453.0926513671875,86118900,0.41639669866071927,0.09198554029869022,453.42509497374016
SPY,2024-01-08,453.58644474883687,459.7061845131588,453.4605594436324,459.5609436035156,74879100,5.974498854678757,1.3171687390232747,457.5758958534356
SPY,2024-01-09,456.9174526401683,459.8804854755376,456.4139409568945,458.86376953125,65931400,1.9463168910817217,0.42596685240090526,458.38606532122736
SPY,2024-01-10,459.1348885576282,462.32064377730035,458.85406976244286,461.4588317871094,67310600,2.3239432294811877,0.5061569676793356,460.8778484422842
SPY,2024-01-11,462.4561601628175,462.9693643803347,457.2950698074294,461.2554626464844,77940700,-1.2006975163331504,-0.25963488429052806,460.5066322780828
SPY,2024-01-12,462.69828839912003,463.4342151118614,460.171007794378,461.5750427246094,58026400,-1.123245674510656,-0.24275985078677292,461.7267552102829
SPY,2024-01-16,460.2000221906259,461.507219896807,458.0697237314841,459.8804626464844,85014900,-0.319559544141498,-0.06943927178020187,459.81913542492515
SPY,2024-01-17,456.8690498182248,457.8083137942025,454.9808292885089,457.32415771484375,68843900,0.4551078966189266,0.0996145168511636,456.70443359918505
SPY,2024-01-18,458.9896569986018,461.9429972701223,457.4500442083185,461.39105224609375,91856200,2.401395247491962,0.5231915819617864,460.2613645748449
SPY,2024-01-19,462.514291382207,467.42364106257526,461.4394790826515,467.142822265625,110834500,4.628530883418023,1.000732511331883,465.33531413695056
SPY,2024-01-22,468.6727150191519,469.84436430110793,467.4816805842547,468.1304626464844,75844900,-0.5422523726675195,-0.11569958209437492,468.4855025106156
SPY,2024-01-23,468.6727773973201,469.7378971314764,467.5882725076425,469.4958190917969,49945300,0.8230416944767853,0.17561115860993284,468.94066291030526
SPY,2024-01-24,472.3523319806955,473.2819033399484,469.51518456670595,470.009033203125,81765000,-2.34329877757051,-0.49609129010636027,470.93537370325976
SPY,2024-01-25,472.129646862115,472.8365254024004,470.009070342345,472.5653991699219,72525000,0.43575230780686525,0.09229505300143252,471.80366497155575
SPY,2024-01-26,472.1393464785506,473.62086297641906,471.1226304792355,471.9650573730469,76641600,-0.17428910550370347,-0.03691475976396334,472.23618360956715
SPY,2024-01-29,472.27489403038163,475.8479682163698,471.7326415921786,475.70269775390625,61322800,3.427803723524619,0.725806890616571,474.4277691874849
SPY,2024-01-30,475.0152182659358,476.0416268075263,474.5794659669119,475.33477783203125,58618400,0.31955956609544955,0.0672735427850114,475.31862353548985
SPY,2024-01-31,473.1366851322255,473.5821004537836,467.5591976080332,467.5785827636719,126011100,-5.558102368553648,-1.1747350275746105,469.5732936084962
SPY,2024-02-01,469.27310972065493,473.72735140437555,468.4693941088524,473.69830322265625,91891600,4.425193502001321,0.9429889355125235,471.96501624529475
SPY,2024-02-02,474.1340104537586,480.33120193919586,473.79509531108175,478.6850891113281,99228200,4.551078657569519,0.9598717993703971,477.6037954538686
SPY,2024-02-05,478.0556906983339,478.7141358274664,474.69564656369516,476.9421081542969,75757100,-1.1135825440370013,-0.23293992011899342,476.78396351515283
SPY,2024-02-06,477.8813679101815,478.6560353058455,476.4579479680973,478.3268127441406,55918600,0.4454448339591295,0.09321242966786927,477.81359867269447
SPY,2024-02-07,480.5636415654776,482.73265130891053,479.66308881437243,482.3162841796875,70556500,1.7526426142098899,0.36470562119525,481.5706747676568
SPY,2024-02-08,482.31629753326854,482.9069537723974,481.50291885696174,482.5293273925781,52343600,0.21302985930958585,0.04416808231426013,482.3130666739791
SPY,2024-02-09,483.0328221928446,485.7537769299286,482.693907035265,485.31805419921875,63979400,2.2852320063741445,0.47310077108213466,484.5885793881375
SPY,2024-02-12,485.28896212192205,487.5451161916344,484.3884094588291,485.10498046875,56502300,-0.1839816531720544,-0.037911773712634246,485.6795020397378
SPY,2024-02-13,478.8593972990049,481.3382739920692,475.1701304413372,478.42364501953125,113099200,-0.435752279473661,-0.09099795930319242,478.31068315097923
SPY,2024-02-14,481.0477679790003,483.2555183461787,478.73348791641325,482.7713623046875,68387800,1.723594325687202,0.3583000359669986,481.58678952242644
SPY,2024-02-15,483.4685762738627,486.28636814510776,482.9940832312684,486.1023864746094,61683000,2.633810200746666,0.5447738136459015,485.12761261699524
SPY,2024-02-16,485.802216073848,486.9351247377766,482.9456834193714,483.6816101074219,75532900,-2.120605966426126,-0.4365163221288738,484.52080608819
SPY,2024-02-20,481.9483091532552,482.6164468795506,478.78193916164605,481.01873779296875,71736700,-0.9295713602864453,-0.19287781337372636,480.80570794472186
SPY,2024-02-21,479.7211799226085,481.609370733512,477.92010410161913,481.4544372558594,59293400,1.73325733325089,0.3613051509484133,480.32797069699683
SPY,2024-02-22,488.0389961871901,492.3770155291545,487.0803471035888,491.41839599609375,76402500,3.3793998089036563,0.6924446274386378,490.29191954294566
SPY,2024-02-23,493.1322803007743,493.9650440524054,491.03105964418,491.7572937011719,61321800,-1.3749865996024369,-0.2788271331099632,492.25113246591906
SPY,2024-02-26,492.1930057584985,492.62875800348365,489.83032198014877,489.9562072753906,50386700,-2.2367984831078616,-0.45445556050940283,490.80509575300766
SPY,2024-02-27,490.64373169951057,491.089146972122,488.755511365846,490.8664245605469,48854500,0.22269286103630748,0.04538789485090035,490.2370276328383
SPY,2024-02-28,489.3171901171775,490.7987065984109,488.9589193319282,490.2177429199219,56506600,0.9005528027443575,0.1840427479215886,489.9917896167537
SPY,2024-02-29,491.9703479594554,493.5874126583201,489.3365378000111,491.9800109863281,83924800,0.009663026872715363,0.00196414822820007,491.6346538148864
SPY,2024-03-01,492.85151281479995,497.02490613181874,492.4448087227075,496.5988464355469,76844800,3.7473336207469288,0.7603372462722,495.35618709669103
SPY,2024-03-04,495.80494110063745,497.9061620982356,495.7758633651209,496.06634521484375,49799300,0.26140411420630016,0.05272317650284185,496.5827902260667
SPY,2024-03-05,494.07152244829007,494.5169672600257,488.9104323126882,491.1084899902344,72855600,-2.963032458055693,-0.5997173128645168,491.5119631876494
SPY,2024-03-06,494.37177538075554,495.8436288177244,492.309295244367,493.5971374511719,68382400,-0.7746379295836618,-0.15669137441898878,493.91668717108774
SPY,2024-03-07,496.8797308469733,499.5425893667193,493.6552347093042,498.4967956542969,58652100,1.6170648073235725,0.32544390663051387,497.23153991010685
SPY,2024-03-08,499.1262072798715,501.7986991966138,494.93339907868494,495.50469970703125,86532500,-3.621507572840244,-0.7255695092783581,497.41226599411
SPY,2024-03-11,494.30400588507405,495.65963700941484,492.3867371553007,495.0786437988281,62557200,0.7746379137540771,0.15671285373604293,494.3750059878478
SPY,2024-03-12,497.17989237365043,500.9853520856395,494.67193786467755,500.4043884277344,73114400,3.224496054083943,0.6485572131023767,498.68722612601715
SPY,2024-03-13,500.72385457506516,500.89814366049285,498.18688160759467,499.6199645996094,55104100,-1.103889975455786,-0.22045883481876302,499.56832995589895
SPY,2024-03-14,500.5882438210127,500.74320684304695,495.60147230683197,498.6322937011719,110171800,-1.9559501198408498,-0.3907303345581978,498.32565761701693
SPY,2024-03-15,495.5775416790132,497.02482972446626,493.5474849090623,495.20843505859375,107646300,-0.3691066204194726,-0.07448009430954881,495.2602498973741
SPY,2024-03-18,499.25883960128044,500.69637526560086,497.74358168127196,498.1515197753906,88893300,-1.1073198258898174,-0.22179273315904596,498.8638255740878
SPY,2024-03-19,497.4619006203073,501.201461454095,496.4614118820625,500.9197998046875,60755300,3.45789918438021,0.6951083449945417,499.52755771361507
SPY,2024-03-20,500.9781564477384,505.68903869341005,500.30794271303097,505.55303955078125,69594600,4.5748831030428505,0.913190134971503,503.8500069857408
SPY,2024-03-21,508.37956788041765,509.0788903449226,506.9419728955261,507.22369384765625,60256100,-1.1558740327614032,-0.2273643761059435,507.748185696035
SPY,2024-03-22,507.13623802282444,507.621898374332,506.02891819305677,506.2620849609375,79070800,-0.8741530618869433,-0.17237045912849963,506.6376338427754
SPY,2024-03-25,504.8924815953154,506.00952410002293,504.70792829326916,504.8633728027344,48512100,-0.029108792581041598,-0.005765344829272594,505.1936083986755
SPY,2024-03-26,506.28145712240774,506.62145492992863,503.5326622935472,503.9308776855469,65463700,-2.350579436860869,-0.46428313812262545,504.6949983030076
SPY,2024-03-27,506.7477422439313,508.2047232896313,504.5913794682458,508.16583251953125,82999800,1.4180902755999227,0.27984145905031027,506.98731175913616
SPY,2024-03-28,508.20466366075334,509.5644769063635,507.7870029241564,508.06866455078125,96294900,-0.13599910997209008,-0.026760696958671525,508.47338146043376
SPY,2024-04-01,508.8070240136888,509.34123863113086,506.02900129049334,507.18487548828125,62477500,-1.6221485254075674,-0.31881409824325174,507.5183718033018
SPY,2024-04-02,503.37719402358005,504.0959618045382,501.6676602284869,503.96002197265625,74230300,0.5828279490762043,0.11578354283744179,503.2412146685604
SPY,2024-04-03,502.87204622290017,506.0094519100871,502.8234920523855,504.5135803222656,59155800,1.6415340993654581,0.32643176563404386,504.4488414282461
SPY,2024-04-04,508.50581204447843,508.845750562364,498.0543922336854,498.3554992675781,96858100,-10.150312776900307,-1.9961055579857305,501.7518806878758
SPY,2024-04-05,499.7056226929599,505.5141009734885,499.2685165612303,503.5617370605469,74546500,3.856114367586997,0.7716772020306755,502.78145153175524
SPY,2024-04-08,504.26116489557916,505.26159438808656,503.03729132856745,503.84344482421875,48401800,-0.41772007136040656,-0.08283804116601101,504.0474435136243
SPY,2024-04-09,505.5724514220362,505.81528161003905,499.5988050832793,504.4263000488281,68049200,-1.1461513732080562,-0.22670368410783612,503.2801289140488
SPY,2024-04-10,498.75370676862974,501.3568389879978,497.4036161258989,499.3753662109375,82652800,0.6216594423077595,0.12464257084632462,499.378607108278
SPY,2024-04-11,500.8906633299254,504.5816702204379,497.3939324409582,503.1441345214844,70099000,2.2534711915589583,0.44989283221569004,501.70657906096017
SPY,2024-04-12,499.6182878995561,501.02671495243146,494.4799924366068,496.1992492675781,92561100,-3.419038631977969,-0.6843301606015946,497.2353188855388
SPY,2024-04-15,500.3564247602264,500.5215326754904,489.13765316276323,489.98272705078125,92101400,-10.373697709445139,-2.0732616183386217,493.2139709630116
SPY,2024-04-16,490.45867707344763,491.97393499543114,487.80696088879887,489.089111328125,73484000,-1.3695657453226318,-0.27924182185842644,489.62333573745167
SPY,2024-04-17,491.5368440989878,491.7019816659058,484.8055985468662,486.194580078125,75910300,-5.342264020862785,-1.08684915179765,487.5673867636323
SPY,2024-04-18,487.58356199441425,489.6718955124249,484.26163225086344,485.194091796875,74548100,-2.3894701975392536,-0.490063731386955,486.3758731867211
SPY,2024-04-19,485.11641894359934,486.10715539894034,479.6964327690104,480.95916748046875,102212600,-4.157251463130592,-0.8569595463669357,482.2542518828065
SPY,2024-04-22,483.5525564034497,487.9720832401042,481.22139272247443,485.38836669921875,67961000,1.835810295769022,0.37965062358957374,484.8606142205992
SPY,2024-04-23,487.3893392755089,491.575729461392,485.2038675228729,491.1483459472656,64633600,3.7590066717567083,0.7712533633469231,489.30931431051016
SPY,2024-04-24,492.032173924217,492.8189412598712,488.70055129127593,490.9151611328125,55928100,-1.117012791404477,-0.22702027440516925,490.8115512279865
SPY,2024-04-25,484.8638724968989,489.8078914311426,483.222338099903,489.0502624511719,69122400,4.186389954272954,0.8634155258287942,487.36016399407254
SPY,2024-04-26,491.8282151706386,495.25697586630093,491.19686267902955,493.6834411621094,64306100,1.8552259914707747,0.3772101588004886,493.3790932358133
SPY,2024-04-29,495.4609926845512,496.1020679300017,492.70244534017297,495.4318542480469,46415400,-0.02913843650429726,-0.0058810757929533,494.74545583940716
SPY,2024-04-30,493.9748031317947,494.9461237340898,487.5835266113281,487.5835266113281,77483600,-6.39127652046659,-1.293846665851369,490.03772565224864
SPY,2024-05-01,487.00079486473084,493.6154866987963,485.5340910693037,486.0003356933594,80242800,-1.0004591713714603,-0.20543275943714787,488.3833044871531
SPY,2024-05-02,489.69131460230034,491.3814327412964,485.22323354848663,490.54608154296875,62550200,0.8547669406684122,0.1745521954708561,489.0502492775839
SPY,2024-05-03,496.5002799659129,497.8504002906167,493.97484028154764,496.6265563964844,72756700,0.12627643057146543,0.02543330500843522,496.15059898954956
SPY,2024-05-06,499.0159955422608,501.7939584375333,498.57888938265427,501.755126953125,47264700,2.7391314108642177,0.5489065351277393,500.70932492443757
SPY,2024-05-07,502.7168065572067,503.6978500813618,501.6386546639094,502.3088684082031,52561300,-0.4079381490035985,-0.08114670997321771,502.54845771782476
SPY,2024-05-08,500.4826277708913,502.8914837238015,500.36607404960216,502.3572692871094,42047200,1.8746415162180483,0.37456675061181405,501.87160902017104
SPY,2024-05-09,502.541928571153,505.2907828616112,501.89116027589216,505.25189208984375,43643700,2.7099635186907562,0.5392512275335575,504.14461174244906
SPY,2024-05-10,506.8448931772194,507.65110602328485,504.68858950510435,505.9027404785156,52233200,-0.942152698703751,-0.18588580281390452,506.0808120023016
SPY,2024-05-13,507.57334496613424,507.6801760152973,504.8342134653113,505.97064208984375,36716400,-1.6027028762904934,-0.3157578884284058,506.1616771901508
SPY,2024-05-14,506.1650107070888,508.80703433479175,505.63079607881036,508.2922058105469,57535900,2.127195103458064,0.4202572399238881,507.576678741383
SPY,2024-05-15,510.7495751277046,514.8776880610556,510.11819296519036,514.5863037109375,59504900,3.8367285832329117,0.7511956485276763,513.1940615790612
SPY,2024-05-16,514.6834008229457,516.2763809484062,513.381805041238,513.5275268554688,50244800,-1.155873967476964,-0.22457960867375862,514.3952376150377
SPY,2024-05-17,513.6440876053468,514.3337466322346,512.1968292743588,514.2657470703125,59187600,0.6216594649656599,0.12102922626129897,513.5987743256353
SPY,2024-05-20,514.3823386833988,516.3152574978291,513.9937866680089,514.8582763671875,37764200,0.475937683788743,0.09252605464778246,515.0557735110084
SPY,2024-05-21,514.1006672352606,516.2764161967744,513.8966685383514,516.1209716796875,33437000,2.02030444442687,0.3929783743117273,515.4313521382711
SPY,2024-05-22,515.4313166919542,516.1403617816678,512.4687413388463,514.6348266601562,48390000,-0.79649003179793,-0.15452883944068724,514.4146432602234
SPY,2024-05-23,517.6750993626108,517.7819304108156,509.67136703027006,510.8758544921875,57211200,-6.799244870423308,-1.3134193394263896,512.7763839777577
SPY,2024-05-24,512.7115556042107,515.062194143986,511.7694030777515,514.2559814453125,41291100,1.54442584110177,0.3012270396912985,513.6958595556833
SPY,2024-05-28,515.0622463447778,515.2953538271266,511.992839734623,514.6154174804688,36269600,-0.44682886430905455,-0.08675240079816518,513.9678703474061
SPY,2024-05-29,510.6038721974795,512.1871297238472,510.30276514376794,511.0118103027344,45190300,0.40793810525485696,0.07989326510573036,511.1672350567831
SPY,2024-05-30,509.4770816501863,510.1375725201251,506.3785666769026,507.621826171875,46377600,-1.8552554783112782,-0.36414895686811705,508.0459884563009
SPY,2024-05-31,508.5738001358681,512.3716377541396,503.49375287353905,512.245361328125,90785800,3.6715611922568883,0.7219328229798727,509.37025065193455
SPY,2024-06-03,513.8480669180504,514.1297285627861,507.61214568816797,512.6630249023438,46835700,-1.1850420157066992,-0.23062109055198451,511.4682997177659
SPY,2024-06-04,511.36150323340104,513.974358217118,509.90452222280885,513.2361450195312,34632700,1.874641786130212,0.3665981452019019,512.3716751531528
SPY,2024-06-05,515.5479441376007,519.355504956824,513.5664118243003,519.3360595703125,47610400,3.788115432711834,0.7347746171403176,517.4193254504789
SPY,2024-06-06,519.637123680227,520.0645071551455,517.4030979505338,519.3262939453125,30808500,-0.31082973491447774,-0.05981669144673262,518.931299683664
SPY,2024-06-07,518.3550094881825,521.4924158492759,517.2671349822953,518.6950073242188,43224500,0.33999783603621836,0.06559169484479915,519.1515193852633
SPY,2024-06-10,517.8886903629937,520.6180987720378,517.2961990482391,520.2975463867188,35686100,2.408856023725093,0.46513006917310756,519.4039480689986
SPY,2024-06-11,518.7531901267605,521.6088750080388,516.7911035808329,521.5505981445312,36383400,2.797408017770749,0.5392560606879709,519.9835255778011
SPY,2024-06-12,526.0964430443454,528.5150221365492,524.8045698950608,525.8341674804688,63251300,-0.2622755638766421,-0.04985313383967026,526.3845865040263
SPY,2024-06-13,527.5728807070939,527.7477113251548,524.1149812633378,526.8929443359375,44760900,-0.6799363711563728,-0.12888008387487046,526.25187897481
SPY,2024-06-14,525.367907030757,527.2425487322553,524.3674183253244,527.2134399414062,40089900,1.84553291064924,0.3512839071346616,526.274468999662
SPY,2024-06-17,526.533556163689,532.7985867082562,526.0770045940598,531.4095458984375,55839500,4.875989734748487,0.9260548881774663,530.0950457335845
SPY,2024-06-18,531.4678314025467,532.8859810291509,531.0501705974204,532.7597045898438,41376400,1.2918731872970284,0.24307645937624625,532.2319520721384
SPY,2024-06-20,533.6825252233083,534.3430162809884,529.5446889553035,531.3125,70328200,-2.3700252233082892,-0.4440889688708848,531.7334017454306
SPY,2024-06-21,530.4928609392509,531.7109286219036,529.1481094595256,530.6000366210938,64338600,0.10717568184281845,0.020203039425085046,530.4863582341743
SPY,2024-06-24,530.4245912188557,532.977656079139,528.7582533772081,528.8751831054688,45528700,-1.549408113386903,-0.29210714190805875,530.2036975206053
SPY,2024-06-25,530.0933585291979,531.2724695843536,528.5829663352164,530.9119262695312,37936200,0.8185677403333784,0.15441954273952505,530.255787396367
SPY,2024-06-26,529.8010709636176,532.2859175813455,529.1579572826417,531.5745849609375,38550600,1.7735139973199239,0.3347509271912579,531.006153274975
SPY,2024-06-27,531.4380214974187,532.9874296675849,530.6974268739912,532.4124755859375,35041500,0.9744540885187689,0.18336175604693764,532.0324440425046
SPY,2024-06-28,533.1824029810238,536.2227551968151,529.0799883321372,530.3175048828125,76144500,-2.864898098211256,-0.5373204520992452,531.8734161372549
SPY,2024-07-01,531.6915058832783,531.9351194589271,528.6609672764391,531.408935546875,40297800,-0.2825703364032961,-0.05314554272103201,530.6683407607471
SPY,2024-07-02,529.8108184673043,534.9851684570312,529.7621076471618,534.9851684570312,40434800,5.17434998972692,0.9766410592927972,533.2441481870748
SPY,2024-07-03,534.6733013066347,537.7331019058091,534.6343445482383,537.37255859375,32789900,2.6992572871153016,0.5048423552324113,536.5800016825991
SPY,2024-07-05,537.6746345682784,540.8708135451888,537.0412155224441,540.4713134765625,41488400,2.7966789082840933,0.5201433596601901,539.4611141813984
SPY,2024-07-08,541.2508572097279,542.0401627530802,540.0327894282602,541.094970703125,36110500,-0.15588650660288295,-0.02880115652961985,541.0559742948218
SPY,2024-07-09,542.0499781069125,542.946459442177,541.3288914148972,541.6212158203125,27289700,-0.4287622865999765,-0.07910013908632768,541.9655222257956
SPY,2024-07-10,542.8392819787523,547.3217481165079,542.5469575742852,546.980712890625,38701200,4.141430911872703,0.7629202692878821,545.6164728604728
SPY,2024-07-11,547.0977198782123,547.9649986305294,541.6310445771228,542.264404296875,53054200,-4.833315581337274,-0.8834464860159175,543.953482501509
SPY,2024-07-12,543.3849335691044,549.270615886068,542.9172145567801,545.6846313476562,53084400,2.299697778551831,0.42321706703326717,545.9574872635014
SPY,2024-07-15,547.6725909303428,550.4108051950651,545.3338767680585,547.1853637695312,40584300,-0.48722716081158524,-0.08896321796639892,547.6433485775516
SPY,2024-07-16,548.4910822924977,550.722561208659,547.7407334557406,550.4302368164062,36475300,1.9391545239085417,0.3535434916833224,549.6311771602686
SPY,2024-07-17,544.5251174294385,546.191455897242,542.3910598728387,542.712646484375,57119000,-1.8124709450635237,-0.3328535061191902,543.7650540848185
SPY,2024-07-18,544.2425249574461,545.2267333968008,536.3689169185834,538.5419311523438,56270400,-5.700593805102358,-1.0474363071037278,540.0458604892427
SPY,2024-07-19,538.3079467810027,539.9255739822243,533.9131490329083,534.965576171875,65509100,-3.34237060912767,-0.6209030777112847,536.2680997290025
SPY,2024-07-22,538.8731449285856,541.0851748813053,536.9437447439699,540.4810180664062,43346700,1.6078731378206612,0.2983769284019053,539.5033125638938
SPY,2024-07-23,540.3737749293225,542.5175859227753,539.1460126783072,539.6332397460938,34439600,-0.7405351832287579,-0.13704128837962487,540.4322794490587
SPY,2024-07-24,534.8390224206132,535.1411009025868,526.4879411580819,527.4039306640625,74515300,-7.435091756550719,-1.3901550643968426,529.6776575749104
SPY,2024-07-25,527.5208430163394,533.474804346627,523.7205067049787,524.6559448242188,61158300,-2.864898192120677,-0.5430872031025965,527.2837519586081
SPY,2024-07-26,528.427065396124,533.2116094688655,527.6572084941715,530.5318603515625,53763800,2.1047949554384786,0.39831323814965164,530.4668927715333
SPY,2024-07-29,532.0716331475277,533.075290294702,528.8558859099915,530.8438110351562,39515800,-1.2278221123714275,-0.230762558249556,530.9249957466166
SPY,2024-07-30,532.3052976854228,533.3577247498921,524.7630325879668,528.1541137695312,46853600,-4.151183915891579,-0.7798501976106219,528.75829036913
SPY,2024-07-31,534.9558678357408,539.3604200179711,533.5916675899294,536.7391357421875,65663400,1.7832679064466674,0.33334860194378185,536.563741116696
SPY,2024-08-01,538.4542082657176,540.6954412129795,525.6498647611072,529.138427734375,76428700,-9.315780531342625,-1.73009707944291,531.8279112361539
SPY,2024-08-02,522.0639142511643,523.272228120303,515.096541908473,519.2867431640625,82789100,-2.777171087101806,-0.5319599787097548,519.2185043976128
SPY,2024-08-05,498.5698796047611,510.20486789586045,497.2348520537009,504.1632385253906,146267400,5.593358920629498,1.1218806328740931,503.86765282498396
SPY,2024-08-06,505.9561368728723,516.2171692769037,504.6406473484446,508.81134033203125,84826300,2.855203459158929,0.5643183768470297,509.8897189857932
SPY,2024-08-07,514.9698250199898,518.0101770927619,504.8160280713854,505.4104309082031,70698300,-9.559394111786673,-1.8563017962102153,509.4122120241168
SPY,2024-08-08,510.52630556896884,517.7177827712244,508.5092375881122,517.0941772460938,63276600,6.567871677124913,1.2864903542639559,514.4403992018101
SPY,2024-08-09,516.2756321007693,520.8555792219031,515.05756422153,519.3743896484375,45619600,3.0987575476682423,0.6002137918187491,518.4291776972901
SPY,2024-08-12,520.5632672781688,522.044397411093,517.3865366569688,519.6472778320312,42542100,-0.915989446137587,-0.17596121426833555,519.692737300031
SPY,2024-08-13,522.8239831490899,528.4270952564345,522.5803695792055,528.1931762695312,52333100,5.3691931204413095,1.0269599891155368,526.4002137017237
SPY,2024-08-14,528.9824644571885,531.0386081211183,526.3222233938623,529.8594970703125,42446900,0.8770326131240154,0.16579615999633865,529.0734428617643
SPY,2024-08-15,535.4625975238755,539.22397656437,534.8584406614526,538.94140625,60846800,3.478808726124498,0.649682861550266,537.6746078252742
SPY,2024-08-16,537.3335322529779,540.8416031495808,537.1776457463574,540.1497192382812,44430700,2.816186985303375,0.5241040836397137,539.3896560447398
SPY,2024-08-19,540.5589895349276,545.3143310546875,539.7112190916396,545.3143310546875,39121800,4.755341519759895,0.8797081561535356,543.4466270670049
SPY,2024-08-20,544.8661897055061,546.5130199847447,543.0926755989435,544.4276733398438,33732300,-0.4385163656623945,-0.08048147856254532,544.6777896411774
SPY,2024-08-21,545.4702606482219,547.7504502285475,540.5589732888145,546.2985229492188,41514600,0.828262300996812,0.15184371371823785,544.8693154888603
SPY,2024-08-22,548.1889915317105,548.79314842079,540.8026115148097,542.0109252929688,56121500,-6.178066238741735,-1.126995677435883,543.8688950761895
SPY,2024-08-23,545.2364013003757,548.7054559638492,543.053573875613,547.7699584960938,50639400,2.5335571957180036,0.464671322324689,546.5096627785186
SPY,2024-08-26,548.7931322733509,549.504464836925,544.7686315002069,546.4641723632812,35788600,-2.3289599100696705,-0.4243784721616429,546.9124229001377
SPY,2024-08-27,545.1973502840069,547.7017046206906,544.0572555662667,547.2144775390625,32693900,2.017127255055584,0.3699811185811545,546.3244792420065
SPY,2024-08-28,546.8734758569603,547.3022380940843,540.8610504788411,544.0377807617188,41066000,-2.83569509524159,-0.5185285482712443,544.0670231115481
SPY,2024-08-29,545.9964384879656,549.2803444323956,542.9463920388357,544.0864868164062,38715200,-1.9099516715593836,-0.34981028023710836,545.4377410958792
SPY,2024-08-30,546.4448203697416,549.7871918701893,542.9075460914414,549.2804565429688,62700100,2.835636173227158,0.5189245222067396,547.3250648348666
SPY,2024-09-03,546.1524339283656,546.4837745967734,535.4724516729985,537.976806640625,60600100,-8.175627287740554,-1.4969497121774038,539.977677636799
SPY,2024-09-04,536.144830576085,540.2667537157464,535.4237438257495,536.8756713867188,47224900,0.7308408106337083,0.13631406458744055,537.5220563094049
SPY,2024-09-05,536.8170319414545,539.6526671952057,533.1238128480356,535.5697021484375,44264300,-1.247329793017002,-0.23235659802109937,536.115394063893
SPY,2024-09-06,535.8913798019039,537.5089477091443,525.659610039857,526.5560913085938,68493800,-9.335288493310145,-1.7420113189282875,529.9082163525317
SPY,2024-09-09,530.7365485093424,533.718376233379,528.8168426461983,532.4515380859375,40445800,1.7149895765951442,0.3231338752554283,531.6622523218383
SPY,2024-09-10,534.3516827554222,535.1215396263949,529.4989199451313,534.7706909179688,36394600,0.4190081625465609,0.07841430579687066,533.1303834964983
SPY,2024-09-11,534.683107736862,541.1729474655668,526.1663863296421,540.2569580078125,75248600,5.5738502709505156,1.0424586433154386,535.8654306010071
SPY,2024-09-12,540.8319486336209,545.1098177442108,538.6199181027828,544.8077392578125,51819600,3.9757906241916317,0.7351249559565084,542.8458250349354
SPY,2024-09-13,545.4119039398827,548.6470997461229,545.1585362749396,547.6531372070312,39310500,2.241233267148573,0.4109248901534078,547.1529244093646
SPY,2024-09-16,547.389917673041,548.7249152296453,545.5969551700833,548.4618530273438,36656100,1.0719353543026955,0.19582665293864038,547.5945744756908
SPY,2024-09-17,550.6640853659264,552.1063181322738,546.4641898322706,548.6859741210938,49321000,-1.9781112448326894,-0.3592228542593618,549.0854940285461
SPY,2024-09-18,549.338967065435,554.1625287071083,546.5033306566354,547.0587768554688,59044900,-2.2801902099662357,-0.4150789124148604,549.2415454064042
SPY,2024-09-19,556.4230610004182,558.2452854612264,553.5679175432375,556.393798828125,75315500,-0.02926217229321537,-0.00525897906542615,556.069000610863
SPY,2024-09-20,555.0314034219361,556.4682163688195,552.4215869805491,555.43212890625,77503100,0.4007254843138526,0.07219870476575903,554.7739774185396
SPY,2024-09-23,556.4975550473902,557.4652143001452,555.2854753286341,556.820068359375,44116900,0.3225133119848351,0.05795412918882826,556.5235859960515
SPY,2024-09-24,557.6118803825989,558.4720353297502,554.7968386752693,558.4133911132812,46805700,0.8015107306823666,0.14373989487677688,557.2274217061002
SPY,2024-09-25,558.2569249779147,558.9900073797687,556.0771860686909,557.1817016601562,38428600,-1.0752233177584003,-0.1926036686066971,557.4162983695386
SPY,2024-09-26,561.4238456875147,561.7464186568862,557.0449191197562,559.3907470703125,48336000,-2.0330986172021994,-0.36213257288929096,559.3940282823183
SPY,2024-09-27,560.4562017753216,561.2674367221593,557.5531642883332,558.5794677734375,42100900,-1.8767340018840741,-0.3348582807968335,559.13335626131
SPY,2024-09-30,557.5531842584909,561.4238811603136,555.266000370726,560.81787109375,63557400,3.2646868352591127,0.5855381921279729,559.1692508749298
SPY,2024-10-01,560.4659694617594,561.1110557410046,553.2328657284514,555.7937622070312,72668800,-4.672207254728164,-0.8336290710415646,556.7125612254957
SPY,2024-10-02,554.9042964358707,557.0448994143397,552.519332659213,556.0283203125,38097800,1.1240238766292805,0.20256175413469374,555.1975174620176
SPY,2024-10-03,554.5620734708386,556.9470368946191,552.7342597435006,555.01171875,40846500,0.4496452791613592,0.08108114504606553,554.89767179604
SPY,2024-10-04,559.4396258955153,560.4268531332793,555.2854920412735,560.055419921875,42939100,0.6157940263597084,0.1100733658925187,558.5892550321427
SPY,2024-10-07,558.4132383947003,559.0583842578297,553.8485957624074,554.9921875,49964700,-3.421050894700329,-0.6126378566050839,555.9663891734124
SPY,2024-10-08,557.553120131347,560.8373745453375,556.683241044493,560.2410888671875,37398700,2.6879687358405135,0.48210092254658865,559.2539014856726
SPY,2024-10-09,560.2312569183572,564.6786707180951,559.6350309496581,564.1215209960938,37912200,3.8902640777365605,0.6944032539590148,562.811740887949
SPY,2024-10-10,562.7824121586557,564.5515817185018,561.5312564004668,563.13427734375,44138100,0.35186518509431153,0.06252242029822286,563.0723718209061
SPY,2024-10-11,563.0560670625003,567.2395520271365,562.9192107150462,566.5064697265625,42268000,3.4504026640621532,0.612799127103474,565.5550774895818
SPY,2024-10-14,568.1094778484854,572.0681703246292,567.6305402513053,571.1395874023438,36217200,3.030109553858324,0.533367189249121,570.2794326594261
SPY,2024-10-15,571.4035256005812,571.7065305951428,565.4899467305453,566.7020263671875,54203600,-4.701499233393747,-0.822798429262783,567.9661678976253
SPY,2024-10-16,566.7020448464575,569.6832346627543,565.9005342666823,569.1651611328125,30725400,2.463116286354989,0.43464044443713745,568.2496433540831
SPY,2024-10-17,572.6938072697387,572.8990918503805,569.0283947051846,569.214111328125,34393700,-3.479695941613727,-0.607601461276984,570.3805326278967
SPY,2024-10-18,570.8952139016382,572.1854459872815,569.4388331888846,571.4035034179688,37416800,0.508289516330592,0.08903376731025937,571.0092608647116
SPY,2024-10-21,570.6801577821931,571.6576009296549,567.5034675529424,570.4651489257812,36439000,-0.21500885641182776,-0.037675894891353215,569.8754058027929
SPY,2024-10-22,567.9433552717076,571.3155462187071,567.288485036852,570.1621704101562,34183800,2.21881513844869,0.3906754287823643,569.5887338885718
SPY,2024-10-23,568.1486509721636,568.5885123492586,561.4629131521561,564.952392578125,49314600,-3.1962583940386367,-0.5625743172265733,565.0012726931799
SPY,2024-10-24,566.897492764615,566.9757049256177,563.5644376745634,566.1741943359375,34979900,-0.7232984286774808,-0.12758892708276734,565.5714456453728
SPY,2024-10-25,568.39295320261,571.27642231265,565.0403304898274,565.9786376953125,47268200,-2.414315507297488,-0.42476168884466764,567.4317968325967
SPY,2024-10-28,569.4389192842264,569.5659916825215,567.4253885260767,567.7283935546875,30174700,-1.7105257295388583,-0.30038792074292286,568.239924587762
SPY,2024-10-29,566.7704218431865,569.7613956814984,565.382469188388,568.6471557617188,42899700,1.8767339185322953,0.33112770995158747,567.9303402105351
SPY,2024-10-30,568.1779150746601,570.1621533327376,566.2230287475197,566.9268188476562,41435800,-1.2510962270038135,-0.22019444857152115,567.7706669759713
SPY,2024-10-31,562.5772452055423,562.6456733933426,555.617853906816,555.8133544921875,60182500,-6.76389071335484,-1.2023043539351819,558.0256272641153
SPY,2024-11-01,558.4327703071272,562.5673353166255,557.7485482406672,558.1590576171875,45667500,-0.27371268993965714,-0.04901443906830907,559.4916470581601
SPY,2024-11-04,558.2960627771841,559.586295105694,555.0802957635589,556.9569702148438,38217000,-1.3390925623403973,-0.23985348484802568,557.2078536946989
SPY,2024-11-05,557.8658847297456,563.7305435334926,557.6508758763042,563.6914672851562,39478300,5.8255825554106195,1.0442621990109295,561.690962231651
SPY,2024-11-06,575.9095457320777,578.57794657906,572.1854895240832,577.7080078125,68182000,1.7984620804222686,0.31228204042635227,576.157147971881
SPY,2024-11-07,579.7020872739936,583.191567003201,579.6238751058823,582.1749877929688,47233200,2.472900518975166,0.4265812687692395,581.6634766340175
SPY,2024-11-08,582.7222012392871,586.113959615029,582.7222012392871,584.6966552734375,46444900,1.9744540341504262,0.33883281432410073,584.5109387092511
SPY,2024-11-11,586.2802708315078,586.6321361059588,583.5336575099662,585.2539672851562,37586800,-1.026303546351528,-0.17505339978368117,585.1399203003604
SPY,2024-11-12,585.1757310882224,585.7719571662951,580.9629529710414,583.4359130859375,43006100,-1.739818002284892,-0.2973154746266456,583.390274407758
SPY,2024-11-13,583.8952929846365,585.7133231848053,581.5396809070076,583.7193603515625,47388600,-0.1759326330740123,-0.030130853114899395,583.6574548144584
SPY,2024-11-14,583.846361756873,584.3252993650702,579.2817188550297,579.9658813476562,38904100,-3.880480409216716,-0.6646406766224976,581.1909665225854
SPY,2024-11-15,576.4178358264271,576.8870491794336,570.6900323906797,572.5374145507812,75988800,-3.8804212756458583,-0.6731959065913331,573.3714987069649
SPY,2024-11-18,572.9967218779136,576.1929802203847,572.1366267509276,574.8832397460938,37001700,1.8865178681801353,0.3292371136081454,574.4042822391353
SPY,2024-11-19,571.5208063697094,577.7079785622685,570.8561521859538,576.9846801757812,49412000,5.463873806071888,0.9560236031962377,575.1829369746679
SPY,2024-11-20,577.0629483995475,577.463673880748,571.4426497345274,577.1802368164062,50032600,0.11728841685874158,0.020325064567745094,575.3621868105606
SPY,2024-11-21,580.0148784351488,581.6960522761343,574.1990788649406,580.2787475585938,46750300,0.26386912344491975,0.04549350943493475,578.7246262332229
SPY,2024-11-22,580.2689646034843,582.7028485393122,579.7705186323628,582.0772705078125,38226400,1.808305904328222,0.3116323661328145,581.5168792264958
SPY,2024-11-25,585.996860547812,587.3066012376366,581.7742980860696,584.0517578125,42441400,-1.945102735312048,-0.3319305727156443,584.3775523787355
SPY,2024-11-26,585.2929516850081,587.7659115133398,584.5794372696156,587.1012573242188,45621300,1.80830563921063,0.3089573578504018,586.4822020357248
SPY,2024-11-27,586.9155638447446,587.2967213513849,583.807301635719,585.3223266601562,34000200,-1.5932371845883608,-0.2714593516913135,585.4754498824201
SPY,2024-11-29,586.13348818314,589.7402555167076,585.8598351444666,588.9583129882812,30177400,2.8248248051412475,0.4819422302413505,588.1861345498186
SPY,2024-12-02,589.3688312028335,590.6884151690585,588.8801096579482,590.0139770507812,31746000,0.6451458479477878,0.10946385587292085,589.8608339592627
SPY,2024-12-03,589.7795507930211,590.5321415965333,588.7532472184814,590.2877807617188,26906600,0.5082299686976057,0.08617287052666317,589.8577231922445
SPY,2024-12-04,591.9689462717889,594.1974858067216,591.3042920365143,593.953125,42787600,1.9841787282110772,0.33518290793924305,593.1516342810786
SPY,2024-12-05,593.9531512779432,594.7546619184587,592.6238427485821,592.9757080078125,28762200,-0.9774432701307205,-0.16456571836140008,593.4514042249511
SPY,2024-12-06,593.738143242676,595.3313805479372,593.3276337729875,594.0997924804688,31241500,0.3616492377927898,0.06091056165225593,594.2529356004644
SPY,2024-12-09,593.9823964628125,594.1485450845221,590.4538412098018,591.040283203125,34742700,-2.942113259687517,-0.4953199416696373,591.8808898324829
SPY,2024-12-10,591.7147950136848,592.1350884376395,588.5478885385655,589.2027587890625,37234500,-2.5120362246223067,-0.42453496951419134,589.9619119217558
SPY,2024-12-11,592.115471217255,594.7056594686418,591.8417585310408,593.757568359375,28677700,1.642097142119951,0.2773271805825597,593.4349954530193
SPY,2024-12-12,592.8974892997352,593.4643633790662,590.6982421875,590.6982421875,31543800,-2.1992471122351844,-0.3709321007300421,591.6202825846887
SPY,2024-12-13,592.7215967057723,593.4351111707817,589.2125492712078,590.5809936523438,35904700,-2.140603053428549,-0.36114814532245687,591.0762180314445
SPY,2024-12-16,592.3305635374098,594.0704410234347,591.5584049068509,593.1027221679688,43695200,0.7721586305589199,0.130359410452767,592.910522699418
SPY,2024-12-17,590.5613981975558,591.5192734247074,589.2907339933267,590.6591186523438,55773500,0.09772045478791824,0.016547044064540873,590.489708690126
SPY,2024-12-18,590.3561165933274,592.7312963771194,572.674202761188,573.055419921875,108248700,-17.300696671452442,-2.9305526249625014,579.4869730200608
SPY,2024-12-19,578.020816522432,579.6238377441589,572.6350947579137,572.8794555664062,85919500,-5.141360956025778,-0.8894767816422144,575.0461293561597
SPY,2024-12-20,570.561034960996,584.27166262691,569.7175591199479,579.7603149414062,125716700,9.19927998041021,1.6123218055083415,577.9165122294213
SPY,2024-12-23,579.5053432293004,583.8303494697157,576.337534899556,583.2321166992188,57635800,3.7267734699183848,0.6430956182648628,581.1333336894968
SPY,2024-12-24,584.5756300016285,589.7539282690682,583.9969712723625,589.7146606445312,33160100,5.139030642902753,0.8791044954933269,587.8218533953207
SPY,2024-12-26,587.9493315050056,590.8718961830699,586.5567076471659,589.75390625,41219100,1.8045747449943974,0.30692691500730684,589.0608366934119
SPY,2024-12-27,586.0271215733671,586.2625477535164,579.3777835694219,583.5458984375,64969300,-2.4812231358671397,-0.4233973214764438,583.0620765868129
SPY,2024-12-30,576.5631809695095,580.3389793589591,573.1501891693375,576.8867797851562,56578800,0.3235988156467329,0.05612547355219441,576.791982771151
SPY,2024-12-31,578.5441278348751,579.2601035674252,573.1599137063401,574.7879638671875,57052700,-3.7561639676875984,-0.64924416081182,575.7359937136509
SPY,2025-01-02,578.0342755155312,579.7407414710683,569.3155442019422,573.3757934570312,50204000,-4.658482058499999,-0.8059179629694521,574.1440263766806
SPY,2025-01-03,576.2100381173573,581.1823013188991,575.1311959956543,580.5448608398438,37888500,4.334822722486479,0.7522990638360939,578.9527860514658
SPY,2025-01-06,584.7817217986171,588.1456290168214,582.1631214255088,583.8892211914062,47679400,-0.8925006072108772,-0.15262115314852984,584.7326572112455
SPY,2025-01-07,585.909501046868,586.2331597023842,575.4745472605013,577.2888793945312,60393100,-8.620621652336695,-1.4713230689951067,579.6655287858056
SPY,2025-01-08,577.3575056942733,579.2012884483527,573.92494033326,578.1322631835938,47304700,0.7747574893204501,0.1341902515649819,577.0861639884021
SPY,2025-01-10,574.5918906635376,574.6605491609225,567.4031005646302,569.3057250976562,73105000,-5.286165565881333,-0.9199861069700931,570.456458274403
SPY,2025-01-13,564.6767004472727,570.5414650673235,564.2647494580999,570.1884155273438,47910100,5.511715080071099,0.9760833191285111,568.3315433509224
SPY,2025-01-14,573.1011965891512,573.7288801575828,567.2069809095475,570.9730224609375,48420600,-2.1281741282136863,-0.37134351505103325,570.6362945093559
SPY,2025-01-15,578.9560183196553,582.4964494087538,577.8477854521145,581.3588256835938,56900200,2.40280736393845,0.41502416209650717,580.567686848154
SPY,2025-01-16,582.7220679112103,582.8985926554029,579.5445027973688,580.2408447265625,43319700,-2.4812231846477744,-0.4257987334411093,580.8946467264446
SPY,2025-01-17,585.458295644929,587.8120185370946,584.1342704001028,586.0663452148438,58070600,0.6080495699147832,0.10385873330993939,586.0042113840137
SPY,2025-01-21,589.0968201243991,591.4407861448484,587.1353543049476,591.4309692382812,42532900,2.3341491138821766,0.39622504045927054,590.0023698960257
SPY,2025-01-22,594.2456759945876,596.1090924921224,593.6964679520279,594.7556762695312,48196000,0.5100002749436499,0.08582313604387,594.8537455712271
SPY,2025-01-23,594.1279244823332,598.0018310546875,593.8533504222348,598.0018310546875,41152100,3.873906572354258,0.6520324012256473,596.6190041772032
SPY,2025-01-24,598.0607394613536,599.0120815203885,595.1087237951253,596.2561645507812,34604700,-1.8045749105723417,-0.30173773188951364,596.792323288765
SPY,2025-01-27,583.3496990163546,588.1356800712656,583.1829911938827,587.8218383789062,70361100,4.472139362551616,0.7666309539702422,586.3801698813514
SPY,2025-01-28,589.0477377122166,593.7062185767892,585.7426729191386,592.8726196289062,44433300,3.8248819166896055,0.6493330967613831,590.7738370416114
SPY,2025-01-29,592.0880784150642,592.4902124528912,587.6747800612517,590.2149047851562,37177400,-1.8731736299079103,-0.31636739502037103,590.1266324330996
SPY,2025-01-30,592.3234809305729,594.9125703683252,589.1458559611356,593.3826293945312,39281300,1.0591484639583086,0.17881250668879914,592.4803519079974
SPY,2025-01-31,595.7952259985301,598.2078504382997,589.4694869358445,590.2246704101562,66566900,-5.57055558837385,-0.9349782182356045,592.6340025947669
SPY,2025-02-03,581.2509726905776,588.7241528776601,579.1129820721995,586.2527465820312,65857200,5.001773891453695,0.8605187993580069,584.696627177297
SPY,2025-02-04,586.3115788306599,590.695426254437,585.7721876960313,590.1854858398438,33457800,3.873907009183881,0.6607249709975034,588.8843665967707
SPY,2025-02-05,589.0674493379312,592.7255640609287,587.0471418694162,592.5784301757812,30653100,3.51098083785007,0.5960235694225096,590.7837120353754
SPY,2025-02-06,594.3143418590737,594.7655005585997,591.0190935628144,594.6380004882812,35771500,0.32365862920755717,0.054459165194486334,593.4741982032318
SPY,2025-02-07,595.1970270806008,596.4131263461926,588.4887874469584,589.1949462890625,50788500,-6.002080791538333,-1.0084191483580005,591.3656200274045
SPY,2025-02-10,592.3922016880001,593.8338505117428,591.1270177676121,593.1963500976562,26048700,0.8041484096561362,0.13574594793191813,592.719072792337
SPY,2025-02-11,590.9405676549386,594.1867909987916,590.8228845015021,593.6473999023438,30056700,2.7068322474051456,0.4580549035830819,592.8856918008792
SPY,2025-02-12,587.6552234594287,592.9021210468912,586.9785152974936,591.7350463867188,45076100,4.079822927290024,0.6942545159852037,590.5385609103679
SPY,2025-02-13,592.8333911581238,598.1882142232939,591.5780842005947,597.9822387695312,40921300,5.148847611407405,0.8685151154102375,595.9161790644733
SPY,2025-02-14,598.1881861265014,599.2179436285784,597.3349533511362,597.9528198242188,26910400,-0.23536630228261401,-0.03934653136610761,598.1685722679778
SPY,2025-02-18,599.1100803238464,599.7083129882812,596.658248231066,599.7083129882812,26749000,0.5982326644348177,0.09985354679918682,598.6916247358762
SPY,2025-02-19,598.3255406648384,601.4148133650798,597.8155404050764,601.12060546875,31011100,2.7950648039116004,0.46714783407136895,600.1169864129687
SPY,2025-02-20,599.7574359511714,599.8947529370754,595.3245635051746,598.6198120117188,36554000,-1.1376239394526237,-0.18968067276205347,597.946376151323
SPY,2025-02-21,598.4039822903428,598.5412992676794,587.9199448031515,588.3809204101562,76519800,-10.02306188018656,-1.6749657717557462,591.6140548269957
SPY,2025-02-24,590.420875386549,591.4114252530362,584.997393388531,585.7035522460938,50737200,-4.717323140455278,-0.7989763467233171,587.370790295887
SPY,2025-02-25,585.6446153828091,586.3703480772401,578.2008270937978,582.7906494140625,58266500,-2.853965968746593,-0.487320448917828,582.4539415283667
SPY,2025-02-26,584.448255315712,588.0279549899641,580.4566645097497,583.0850219726562,43321600,-1.3632333430557537,-0.23325133245873944,583.8565471574567
SPY,2025-02-27,585.3504695068715,586.4979702201956,573.3855747451564,573.77783203125,74196700,-11.572637475621491,-1.9770441946293917,577.887125665534
SPY,2025-02-28,574.2779596736045,583.2614467800305,571.2180777869312,582.7318725585938,88744100,8.453912884989222,1.4720942607294334,579.0704657085184
SPY,2025-03-03,584.6933298193593,585.8310134980443,568.727029424783,572.5224609375,74249200,-12.170868881859292,-2.081581619140324,575.6935012867758
SPY,2025-03-04,568.5407303426414,574.1112864169365,561.2244408531591,565.74560546875,109648200,-2.795124873891382,-0.49163142141229693,567.0271109129485
SPY,2025-03-05,565.5789075488999,573.611113090913,562.0384758390375,571.826171875,71230500,6.247264326100094,1.1045787321126286,569.1585869349834
SPY,2025-03-06,564.3921264239905,568.991765926103,559.1354126670572,561.675537109375,80094900,-2.716589314615476,-0.4813301226981827,563.267571900845
SPY,2025-03-07,559.9004915315724,566.2654391000913,554.7320094861279,564.82373046875,81158800,4.9232389371776435,0.8793060573514474,561.9403930183231
SPY,2025-03-10,556.6542444695278,558.5666258451241,544.8854490052353,549.779296875,99326600,-6.874947594527839,-1.2350480864615387,551.0771239084531
SPY,2025-03-11,548.6220367842027,553.1530182295099,541.3842228164132,545.2090454101562,88102100,-3.4129913740464417,-0.6221024941054131,546.5820954853598
SPY,2025-03-12,551.3387021334682,552.2605936285714,543.0221047200753,548.102294921875,69588200,-3.236407211593246,-0.587008892912759,547.7949977568405
SPY,2025-03-13,547.7295040716507,548.3375536768395,539.0892496749408,540.7957153320312,74079400,-6.933788739619445,-1.2659147787504264,542.7408395612705
SPY,2025-03-14,545.3953858640715,552.9666753566005,540.8644044287432,551.96630859375,62660300,6.5709227296785,1.2047998387936796,548.5991294596979
SPY,2025-03-17,551.9466155584751,558.7333299355132,551.5150907128783,556.22265625,49008700,4.2760406915249405,0.7747199767133861,555.4903589661304
SPY,2025-03-18,553.9179548314441,554.1337472059147,548.2885573100283,550.2108154296875,66041400,-3.707139401756649,-0.6692578511712484,550.8777066485435
SPY,2025-03-19,551.9859243939003,559.9494708906026,550.8090329217521,556.2030639648438,66556000,4.217139570943459,0.7639940412564007,555.6538559257328
SPY,2025-03-20,552.4763694984304,559.5768672502725,551.760393662907,554.5947265625,62958200,2.1183570640696416,0.383429442600922,555.3106624918931
SPY,2025-03-21,550.1543252489805,555.6727731535583,548.9247213465745,554.777587890625,83763000,4.623262641644487,0.8403574105415168,553.125027463586
SPY,2025-03-24,561.4864414688424,565.7655000443008,560.8962554773906,564.7129516601562,58766800,3.226510191313878,0.5746372401928999,563.7915690606159
SPY,2025-03-25,565.9129505962637,567.0048245728844,564.3292350043083,566.0703735351562,38355700,0.15742293889252323,0.02781751835271793,565.8014777041163
SPY,2025-03-26,565.8046621149444,566.9260752136204,557.9351976289363,559.3123779296875,51848300,-6.492284185256949,-1.1474426811877396,561.3912169240814
SPY,2025-03-27,557.9253706609946,561.5847029950913,555.7219301343026,557.8270263671875,42164200,-0.09834429380714482,-0.017626782895825786,558.3778864988604
SPY,2025-03-28,556.3023922676962,557.0303082338021,546.0130443195492,546.5933837890625,71662700,-9.709008478633677,-1.745275341897441,549.878912114138
SPY,2025-03-31,540.8585640195936,551.5610423029548,537.9468400615768,550.2625732421875,95328200,9.404009222593913,1.7387187424202892,546.5901518689064
SPY,2025-04-01,548.3541875419536,553.7545984642982,544.6456828297712,551.8167114257812,54609600,3.4625238838276573,0.6314393073842891,550.0723309066169
SPY,2025-04-02,545.9933271249679,558.1614830372098,545.7572527723408,555.308837890625,76014500,9.315510765657109,1.7061583544820427,553.0758579000585
SPY,2025-04-03,536.2155597389653,539.02887941269,527.9428100585938,527.9428100585938,125986000,-8.27274968037159,-1.5428029884844894,531.6381665099592
SPY,2025-04-04,515.1253487932553,517.2894637749819,496.8190194100305,497.0354309082031,217965100,-18.08991788505216,-3.5117506695079217,503.71463803107184
SPY,2025-04-07,481.20799599577117,514.6335325434056,473.93856260259804,496.150146484375,256611400,14.94215048860383,3.105133458492061,494.9074138767929
SPY,2025-04-08,513.3448497413204,516.4139362196548,481.1784302837954,488.3789978027344,165816600,-24.96585193858607,-4.863368542835603,495.32378810206154
SPY,2025-04-09,485.3886419991045,539.6682739257812,485.00499114058437,539.6682739257812,241867300,54.27963192667676,11.18271571067724,521.447179664049
SPY,2025-04-10,523.4866909882965,524.7950065034121,501.0095530572283,516.0205688476562,162331200,-7.466122140640209,-1.426229600325623,513.9417094694322
SPY,2025-04-11,514.47613358467,527.6771446389012,511.58410272380377,525.227783203125,97866300,10.751649618454962,2.0898247589332555,521.4963435219433
SPY,2025-04-14,535.172792794898,535.3990807406135,525.149059337469,530.3232421875,68034000,-4.849550607397987,-0.9061653867102603,530.2904607551942
SPY,2025-04-15,530.8642142693149,534.3661235223595,528.0508951584542,528.8378295898438,56892900,-2.026384679471107,-0.381714311306562,530.4182827568858
SPY,2025-04-16,523.0046778330362,529.1133721339063,511.80051174858437,517.0828857421875,83484800,-5.921792090848726,-1.1322636951134872,519.3322565415593
SPY,2025-04-17,519.0305887702018,522.5029590498531,515.3614098145464,517.8206176757812,79868100,-1.2099710944205526,-0.23312134594754325,518.5616621800602
SPY,2025-04-21,512.6562995153043,513.1875268574667,500.16354114488826,505.4951171875,69368100,-7.16118232780434,-1.396877856484929,506.28206172995164
SPY,2025-04-22,511.6529994400941,520.6635112296127,510.71848838241135,518.64697265625,75948100,6.993973216155894,1.366936815343495,516.6763240894247
SPY,2025-04-23,531.6119173418257,536.5303334599773,525.1688042348989,526.6836547851562,90590700,-4.928262556669438,-0.9270413991679898,529.4609308266776
SPY,2025-04-24,527.9624225863133,538.4976913582739,526.7131857388315,537.769775390625,64150400,9.807352804311677,1.8575853857683087,534.3268841625768
SPY,2025-04-25,537.7305086834277,542.0586792500782,534.8187844540605,541.6553955078125,61119600,3.924886824384771,0.7298984827910195,539.5109530706504
SPY,2025-04-28,542.393043710064,544.5177728075638,536.1269871108482,541.86181640625,47613800,-0.5312273038140347,-0.09794139323401833,540.8355254415541
SPY,2025-04-29,539.9535693584907,546.3868965128709,539.5994577828174,545.2753295898438,47775100,5.321760231353096,0.985595898120608,543.7538946285107
SPY,2025-04-30,538.6354556420874,547.4394329210733,532.6841838633078,545.49169921875,93101500,6.856243576662564,1.2728912485884334,541.8717720010437
SPY,2025-05-01,551.2265048528457,554.8661444027258,548.7574506167018,549.3574829101562,63186100,-1.8690219426894146,-0.33906605111239435,550.9936926431947
SPY,2025-05-02,555.5153016495402,559.1057687462633,553.2036705308814,557.51220703125,60717300,1.9969053817097802,0.35946901476524484,556.6072154361315
SPY,2025-05-05,553.390643044351,557.4040871519024,552.5348434974896,554.3153076171875,38659200,0.9246645728364911,0.16709074944774313,554.7514127555265
SPY,2025-05-06,548.8263903141681,554.1579367361115,547.8722463773032,549.6821899414062,48264700,0.8557996272381843,0.1559326669310296,550.5707910182737
SPY,2025-05-07,551.0102132045591,554.6203140304898,546.9672292946763,551.993896484375,55588000,0.9836832798158639,0.17852360196646255,551.193813269847
SPY,2025-05-08,556.0170215722441,561.0043020556944,552.5348050390884,555.8399658203125,65130800,-0.17705575193156164,-0.03184358482963395,556.4596909716985
SPY,2025-05-09,557.2368112120467,558.2401872369107,553.577538715433,555.1317749023438,37603400,-2.105036309702996,-0.37776332563606624,555.6498336182291
SPY,2025-05-12,571.9821994255728,573.4872634297448,567.6244903747194,573.4774169921875,78993600,1.4952175666146559,0.26140980752832255,571.5297235988838
SPY,2025-05-13,573.890562385163,579.4680890959,573.3299158219985,577.2646484375,67947200,3.37408605233702,0.5879319635984054,576.6875511184662
SPY,2025-05-14,578.2188228927168,579.3697154326957,575.9858428026291,578.00244140625,66283500,-0.21638148646684385,-0.0374220758473979,577.7859998805249
SPY,2025-05-15,576.0054901792878,581.3271894858746,575.5529743261593,580.8255615234375,71268100,4.82007134414971,0.8368099655872051,579.2352417784905
SPY,2025-05-16,581.6027608803485,584.799731658972,579.6649335656915,584.504638671875,76052100,2.9018777915265446,0.4989449821617232,582.9897679655128
SPY,2025-05-19,578.5040593733968,585.8226647003453,578.5040593733968,585.1439208984375,68168500,6.639861525040715,1.147764033364371,583.1568816573932
SPY,2025-05-20,583.4125869937757,584.3568842650167,579.9794828313374,583.1764526367188,60614500,-0.2361343570569261,-0.04047467646758971,582.5042732443576
SPY,2025-05-21,578.8385171464103,582.910979810613,572.3265394745135,573.3495483398438,95197700,-5.488968806566504,-0.9482729023677142,576.1956892083234
SPY,2025-05-22,573.1527690961759,577.0481757894836,571.9231652201731,573.5758056640625,70860400,0.4230365678865837,0.07380869302152801,574.1823822245731
SPY,2025-05-23,566.5817726606184,572.3166619439528,566.207968279521,569.6607055664062,76029000,3.0789329057878376,0.5434225127521202,569.39511192996
SPY,2025-05-27,576.5072061511252,581.6616963869777,568.9918522772189,581.5043334960938,72588500,4.99712734496859,0.8667935615810233,577.3859607200967
SPY,2025-05-28,581.9075989404909,583.0978771602481,577.412159762467,578.1400756835938,68445500,-3.767523256897107,-0.6474435569765424,579.5500375354363
SPY,2025-05-29,583.383198499108,583.5209285665185,576.5072620387259,580.4223022460938,69973300,-2.960896253014198,-0.5075388287890031,580.1501642837794
SPY,2025-05-30,579.320555390729,581.4846704969287,573.7233954302501,579.7730712890625,90601200,0.45251589833344497,0.0781114866584081,578.3270457387471
SPY,2025-06-02,578.1696356443219,583.1175308206884,575.51367904973,583.0388793945312,61630500,4.869243750209307,0.8421825447099,580.5566964216499
SPY,2025-06-03,582.6749573775863,587.3376063335356,582.1929021565289,586.36376953125,63606200,3.6888121536636618,0.6330823226496123,585.2980926737715
SPY,2025-06-04,587.2196435839252,588.1934805096547,585.7735978159724,586.2064208984375,57314200,-1.0132226854876762,-0.17254577508745533,586.7244997413549
SPY,2025-06-05,587.8785767379185,589.2262178754949,581.405924678812,583.373291015625,92278700,-4.505285722293479,-0.7663633104803504,584.668477856644
SPY,2025-06-06,588.8918048716712,591.0264408134955,587.1211869788787,589.364013671875,66588700,0.4722088002038163,0.0801860029800751,589.1705471547497
SPY,2025-06-09,589.9343452374746,591.4394090598247,588.7244343491709,589.89501953125,53016400,-0.03932570622464482,-0.006666115736796861,590.0196209800819
SPY,2025-06-10,590.426305457828,593.6232758793388,589.3147986704665,593.2396850585938,66247000,2.8133796007657565,0.4764997044947392,592.0592532027997
SPY,2025-06-11,594.3315698285918,595.1873694307895,589.491865174911,591.5477294921875,73658200,-2.783840336404296,-0.46839853000021014,592.075654699296
SPY,2025-06-12,590.2197770479303,593.8987426757812,589.7377818775473,593.8987426757812,64129000,3.678965627850971,0.6233213068955179,592.5117557430366
SPY,2025-06-13,588.7343748466453,592.0296894370186,585.7636324727854,587.2588500976562,89506000,-1.4755247489890735,-0.250626566416038,588.3507240024868
SPY,2025-06-16,590.6034249017806,594.5873299052357,590.4263090889528,592.84619140625,79984100,2.2427665044693867,0.37974153381219666,592.6199434668129
SPY,2025-06-17,590.4164759991057,591.9313264126861,587.0227571759267,587.7802124023438,82209400,-2.636263596761978,-0.4465091514089066,588.9114319969855
SPY,2025-06-18,588.675394655937,591.4100028153547,586.7375074721152,587.6917114257812,76605000,-0.9836832301557479,-0.16710112892193857,588.6130739044171
SPY,2025-06-20,590.3564008840085,591.4219361573308,584.910398616743,586.3114013671875,94051400,-4.044999516821008,-0.6851792427021991,587.5479120470872
SPY,2025-06-23,587.0611954614843,592.4874469643536,583.9534693671619,592.1027221679688,87426000,5.041526706484433,0.8587736245318219,589.5145461664947
SPY,2025-06-24,596.2267600772981,599.6995206392156,595.3190526903905,598.6439208984375,67735300,2.4171608211394187,0.4054096499838492,597.8874980760146
SPY,2025-06-25,599.7586334214261,600.4492593088346,597.4204170810242,598.979248046875,62114800,-0.7793853745511115,-0.12994983833829515,598.9496414789113
SPY,2025-06-26,600.8242007377552,604.0996909412141,600.2125189749694,603.6655883789062,78548400,2.841387641151073,0.4729149787345646,602.6592660983632
SPY,2025-06-27,604.6619851770232,608.1249297272853,602.6394853750887,606.6647338867188,86258400,2.0027487096955383,0.331217896740971,605.8097163296976
SPY,2025-06-30,609.1016996773074,610.9169938229498,606.7930496988761,609.5653686523438,92502500,0.4636689750363985,0.07612340850174004,609.0918040580565
SPY,2025-07-01,608.0954226976304,610.532334615444,607.2667196950123,609.3681640625,70030100,1.2727413648696029,0.20929961275213566,609.0557394576521
SPY,2025-07-02,608.9635746030316,612.1699961712587,608.3420172970813,612.1305541992188,66510400,3.1669795961871614,0.5200605961122777,610.8808558891863
SPY,2025-07-03,614.1036930875782,617.882354174148,614.0839419945853,616.9549560546875,51065800,2.851262967109278,0.46429666507520173,616.3070840744736
SPY,2025-07-07,615.0014790783108,615.6625385416997,609.5851029977032,612.357421875,74814500,-2.6440572033108083,-0.4299269665616738,612.5350211381343
SPY,2025-07-08,613.0184402574613,613.7682592313246,611.2130216520668,612.0220336914062,59024600,-0.9964065660550432,-0.16254104291488572,612.3344381915991
SPY,2025-07-09,614.4194576258184,616.3432624074327,612.5843521193799,615.692138671875,66113300,1.2726810460566185,0.20713553749980387,614.8732510662293
SPY,2025-07-10,615.8302548644143,618.4644365752275,614.6562088976586,617.4285278320312,57529000,1.5982729676169356,0.25953141389080064,616.8497244349725
SPY,2025-07-11,614.389851486408,616.4814202079069,613.196114561925,615.258056640625,63670200,0.8682051542169802,0.14131176680677762,614.9785304701524
SPY,2025-07-14,614.804168244691,616.7773507170579,613.4624186155016,616.4320678710938,51898500,1.6278996264027228,0.2647834400749901,615.5572790678845
SPY,2025-07-15,619.1057169315715,619.4411242116038,613.7189074073614,613.7978515625,74317300,-5.307865369071465,-0.8573439436770913,615.652627727155
SPY,2025-07-16,615.3764310442137,616.3531467698953,609.7627242916457,615.8499755859375,88987500,0.47354454172375426,0.07695201145747665,613.9886155491595
SPY,2025-07-17,616.0275671883336,619.9739319743786,615.8104858123922,619.6187133789062,68885700,3.5911461905726583,0.5829521894553078,618.4677103885591
SPY,2025-07-18,620.861886140426,621.0295897988693,618.0600006009754,619.1649780273438,65621600,-1.6969081130822588,-0.2733149112487883,619.4181894757295
SPY,2025-07-21,620.3389892578125,623.0718060276608,619.9147622533486,620.3389892578125,63375000,0.0,0.0,621.1085191796074
SPY,2025-07-22,620.6644455724645,621.2860027914654,617.7934919268233,620.4276733398438,60046300,-0.2367722326207513,-0.03814818688419738,619.8357226860442
SPY,2025-07-23,623.0816882564411,625.7060546875,621.2860849659141,625.7060546875,70511000,2.6243664310588883,0.42119139119665167,624.2327314469713
SPY,2025-07-24,626.0907872079496,627.6200518287297,625.488980993582,625.9132080078125,71307100,-0.17757920013707462,-0.028363170927492586,626.3407469433747
SPY,2025-07-25,626.5742531786653,629.0308557161836,626.3276053702117,628.5572509765625,56865400,1.9829977978971556,0.31648248995825096,627.971904020986
SPY,2025-07-28,628.9321516432593,629.4846403177779,627.0181622678288,628.3994140625,54917100,-0.5327375807593171,-0.08470509567167026,628.3007388827023
SPY,2025-07-29,629.7905378170077,630.1062542617998,625.8343572512257,626.7420043945312,60556300,-3.048533422476453,-0.4840551325276081,627.5608719691855
SPY,2025-07-30,627.3930212452535,629.129431287321,623.0717472322541,625.95263671875,80418900,-1.4403845265035216,-0.2295824909949807,626.0512717461083
SPY,2025-07-31,630.8857242490737,631.2704491095576,622.312243037441,623.6046752929688,103385200,-7.281048956104996,-1.1540994947653052,625.7291224799891
SPY,2025-08-01,617.9020886786027,617.9415908673775,610.9860743719428,613.3834838867188,140103600,-4.518604791883945,-0.7312816827577135,614.1037163753464
SPY,2025-08-04,617.280474690056,622.7560435889075,617.1917152069655,622.7067260742188,73218000,5.426251384162697,0.8790576742099744,620.8848282900306
SPY,2025-08-05,623.3184070376644,624.1274190145356,618.6320990296246,619.5496215820312,68051400,-3.7687854556331786,-0.6046324660207648,620.7697132087304
SPY,2025-08-06,620.6151401423151,624.9462896680084,619.7074931606843,624.295166015625,64357500,3.680025873309887,0.592964243905814,622.9829829481059
SPY,2025-08-07,627.7087670325432,628.4388348760696,620.6743670535704,623.7722778320312,74205800,-3.9364892005119145,-0.6271203155440125,624.2951599205571
SPY,2025-08-08,625.5580704635792,629.099959687417,625.2423540250035,628.63623046875,64051600,3.0781600051708438,0.492066228622025,627.6595147270568
SPY,2025-08-11,628.9123942278318,630.3824053553956,626.14989093076,627.3930053710938,58742300,-1.5193888567380327,-0.241589905157381,627.9751005524164
SPY,2025-08-12,629.7312404986845,634.2300937128912,628.251353780633,634.072265625,64730800,4.341025126315458,0.6893456838631346,632.1845710395081
SPY,2025-08-13,636.2625497647373,637.5254154950222,634.0624705008762,636.2428588867188,60092800,-0.01969087801853675,-0.003094772437230133,635.9435816275391
SPY,2025-08-14,634.1709920856589,636.9630622902898,633.7270741796365,636.3020629882812,59327500,2.131070902622355,0.33604042588162186,635.6640664860691
SPY,2025-08-15,637.3280514224831,637.4267466743545,633.9046087993034,634.812255859375,68592500,-2.5157955631080995,-0.3947410689821317,635.3812037776776
SPY,2025-08-18,634.2400307460651,635.3647592128409,633.5691559281859,634.6741333007812,43804900,0.43410255471610526,0.06844452158049132,634.5360161472694
SPY,2025-08-19,634.4965103700933,635.4732259966958,629.9187128752989,631.2308959960938,69750700,-3.265614373999597,-0.5146780668809049,632.2076116226962
SPY,2025-08-20,630.8264521540534,631.0829152899969,624.4629267215348,629.5537109375,88890300,-1.2727412165534133,-0.2017577437039052,628.3665176496772
SPY,2025-08-21,627.7483287539096,629.4156102095885,625.3114169787772,627.028076171875,54805800,-0.7202525820346182,-0.11473588204756052,627.2517011200803
SPY,2025-08-22,629.2083536818665,637.8311503175282,628.7051825829001,636.6571044921875,84083200,7.44875081032103,1.183828976003581,634.3978124642052
SPY,2025-08-25,635.404241216521,636.6374803454853,633.736899505491,633.8552856445312,51274300,-1.5489555719897226,-0.24377482420075616,634.7432218318359
SPY,2025-08-26,633.5889446007113,636.8545593934813,632.9673872646679,636.5092163085938,51581600,2.9202717078824207,0.46090951124830315,635.4437209889143
SPY,2025-08-27,635.9270971923372,638.6895405097797,635.7790844255956,637.95947265625,48341100,2.0323754639127856,0.3195925245025516,637.4760325305418
SPY,2025-08-28,638.5612839961418,640.7712386679527,636.6867968305069,640.21875,61519500,1.6574660038581897,0.2595625581127784,639.2255951661532
SPY,2025-08-29,638.7882298477452,639.1533240222955,634.5163329434167,636.4006958007812,74522200,-2.3875340469639923,-0.3737598683577904,636.6901175888312
SPY,2025-09-02,628.9518765829083,631.9017745733,626.406454480519,631.6847534179688,81983500,2.7328768350604378,0.4345128676470672,629.9976608239293
SPY,2025-09-03,634.0526164459553,635.5720055927542,631.8722882029587,635.1082763671875,70820900,1.0556599212321771,0.16649405646323964,634.1841900543001
SPY,2025-09-04,635.7790859642552,640.4457033002755,634.8813144651941,640.4160766601562,65219200,4.6369906959010905,0.7293399229810136,638.5810314752085
SPY,2025-09-05,642.7444777894012,643.4647303823592,634.7037948627997,638.5613403320312,85178900,-4.18313745736998,-0.6508243325181253,638.9099551923968
SPY,2025-09-08,639.922799046398,641.1264716601992,638.5514227841185,640.1300048828125,63133100,0.20720583641445955,0.03237981780352788,639.9359664423768
SPY,2025-09-09,640.2680535026645,642.1327252974712,638.5415189260096,641.60986328125,66133900,1.341809778585457,0.20957000294562922,640.7613691682436
SPY,2025-09-10,644.8557277247635,645.7732503039375,641.9058297062181,643.4646606445312,78034500,-1.391067080232233,-0.21571756602679454,643.714580218229
SPY,2025-09-11,645.4082598463015,649.502637640468,644.8262047273438,648.81201171875,69934400,3.403751872448538,0.5273796578400024,647.713618028854
SPY,2025-09-12,648.7823033562848,650.2720655980789,648.091737738302,648.5948486328125,72780100,-0.18745472347234227,-0.028893316371701304,648.9862173230645
SPY,2025-09-15,650.7950437367242,652.1762353081463,650.499078415473,652.0479736328125,63772400,1.2529298960882898,0.1925229622054645,651.5744291188106
SPY,2025-09-16,652.6005288851532,652.9064300011956,650.3708830930857,651.1502685546875,61169000,-1.4502603304656532,-0.2222278815714651,651.4758605496563
SPY,2025-09-17,651.1600740883537,652.8471065185831,645.5266166017295,650.3411865234375,101952200,-0.8188875649161673,-0.12575825783892508,649.5716365479167
SPY,2025-09-18,653.0148488941834,655.9746224265324,651.4165760040546,653.3798828125,90459200,0.36503391831661247,0.05589978833326097,653.5903604143623
SPY,2025-09-19,655.2606553211801,657.4569312262267,653.3215535907623,656.6160278320312,97945600,1.3553725108511117,0.20684478761917535,655.7981708830067
SPY,2025-09-22,655.1320445581616,660.1676828141602,655.1023357778903,659.7225341796875,69452200,4.590489621525876,0.7006968533529487,658.3308509239126
SPY,2025-09-23,659.6037721086419,660.2172101260659,654.914373896894,656.1312866210938,81708900,-3.4724854875481697,-0.5264502166880004,657.0876235480179
SPY,2025-09-24,657.4173382288552,657.5162467217733,652.6289715744526,654.043701171875,68082200,-3.3736370569802148,-0.5131652088868106,654.7296398227003
SPY,2025-09-25,650.91749472694,652.3717757310584,647.4251431178142,651.0263061523438,89622100,0.10881142540370092,0.016716623271793813,650.2744083337387
SPY,2025-09-26,652.4707616041429,655.3002210405111,650.8581544995363,654.756103515625,69179200,2.285341911482078,0.3502596661746823,653.6381596852242
SPY,2025-09-29,657.2689872647139,658.1792111877495,654.7956708332731,656.5962524414062,73499000,-0.6727348233076782,-0.1023530451523853,656.5237114874762
SPY,2025-09-30,655.8541471878013,659.5344728182262,654.5482290856307,659.0694580078125,86288000,3.2153108200111546,0.49024784455475323,657.7173866372232
SPY,2025-10-01,656.0916952927918,662.2255322042525,655.9828838603935,661.3153686523438,72545400,5.223673359551981,0.7961803810397007,659.8412615723299
SPY,2025-10-02,663.2938778298502,663.4125921637317,659.6630669539827,662.0769653320312,56896000,-1.216912497818953,-0.18346505802230823,661.7175414832485
SPY,2025-10-03,662.8389040732001,665.5001949823258,661.0284195287326,662.0672607421875,70494400,-0.7716433310125694,-0.11641491262367931,662.8652917510819
SPY,2025-10-06,664.4514922823549,665.3320074034157,662.314573504463,664.4415893554688,54623300,-0.009902926886184105,-0.0014903912476993747,664.0293900877824
SPY,2025-10-07,665.3616291701808,665.8068381763353,660.5436138980969,661.9781494140625,72020100,-3.383479756118277,-0.5085174148587516,662.776200496165
SPY,2025-10-08,663.0960778489103,666.0245059882836,662.2749199573431,665.925537109375,60702200,2.8294592604646596,0.42670426729765176,664.7416543516673
SPY,2025-10-09,666.3410972158545,666.7466945063586,662.0671995495462,663.996337890625,66501900,-2.344759325229461,-0.3518857436568857,664.2700773155099
SPY,2025-10-10,664.9560020556908,666.7565834688588,645.8719162752307,646.0499877929688,159422600,-18.90601426272201,-2.8431977761347604,652.8928291790194
SPY,2025-10-13,653.5985074660624,658.0306703959724,652.72789540716,655.9629516601562,79560500,2.364444194093835,0.36175789373518524,655.5738391544295
SPY,2025-10-14,650.1556317834018,658.7232324647772,646.1983260713891,655.16162109375,88779600,5.005989310348241,0.7699678454859524,653.3610598766387
SPY,2025-10-15,659.7026642450096,663.0762408380068,651.8968641380318,658.0702514648438,81702600,-1.6324127801658506,-0.24744674663911653,657.6811188136274
SPY,2025-10-16,659.7027147054259,661.5725563129243,650.0963324960569,653.5886840820312,110563300,-6.114030623394683,-0.926785730467208,655.0858576303375
SPY,2025-10-17,652.4608239631079,658.6540174880462,651.1153544209424,657.2986450195312,96500900,4.837821056423309,0.7414730323635268,655.6893389761732
SPY,2025-10-20,660.197387427611,665.0352086527322,660.1479331778372,664.1348876953125,60493400,3.9375002677014663,0.5964125794322692,663.1060098419606
SPY,2025-10-21,664.2734231364246,665.8068672167763,662.8289846309673,664.125,56249000,-0.14842313642463978,-0.022343681269656558,664.2536172825812
SPY,2025-10-22,664.8274246920023,664.8274246920023,656.2202718491607,660.6722412109375,80564000,-4.155183481064796,-0.6250018165225039,660.5733125840335
SPY,2025-10-23,660.988802941274,665.5298380529869,660.6722112216523,664.5899658203125,65604500,3.6011628790384975,0.5448145056336825,663.5973383649839
SPY,2025-10-24,669.2398161192735,671.2283116328227,668.4384640813665,670.0213623046875,74356500,0.7815461854139585,0.11678118465005816,669.8960460062923
SPY,2025-10-27,675.4428672302427,678.2228723013301,674.8393925526769,677.9260864257812,63339800,2.483219195538595,0.3676431147643053,676.9961170932628
SPY,2025-10-28,679.7167206093349,681.5568533012904,677.520444889974,679.7266235351562,61738100,0.009902925821393183,0.0014569195550339948,679.6013072421403
SPY,2025-10-29,681.368983551386,682.338564675443,675.5814471238866,680.05322265625,85657100,-1.315760895136009,-0.19310548717349704,679.3244114851932
SPY,2025-10-30,676.600418646911,678.6186229721906,672.5738525390625,672.5738525390625,76335800,-4.026566107848453,-0.5951172947691814,674.5887760167719
SPY,2025-10-31,677.7282029402567,677.7678146457715,671.9901213244605,674.780029296875,87164100,-2.948173643381665,-0.4350082570846699,674.845988422369
SPY,2025-11-03,678.3514739521635,678.4800912258883,672.6826525168186,676.04638671875,57315000,-2.3050872334134738,-0.33980721232663313,675.7363768204856
SPY,2025-11-04,668.8935461650569,672.7024895383894,667.3799079726423,668.0328369140625,78427000,-0.8607092509944323,-0.1286765668362485,669.3717448083647
SPY,2025-11-05,667.7755543304748,673.5927987432043,666.9742023136038,670.3478393554688,74402400,2.572285024993903,0.38520203507193784,670.3049468040923
SPY,2025-11-06,669.2496813312496,670.150002278421,661.5824008089137,663.1554565429688,85035300,-6.094224788280826,-0.9106055569811246,664.9626198767678
SPY,2025-11-07,660.781013040124,663.9172214121945,654.1525740278607,663.808349609375,100592400,3.0273365692510197,0.4581452114253158,660.62604834981
SPY,2025-11-10,670.011442763763,674.8987178962867,667.8250699305912,674.1666259765625,75842900,4.155183212799557,0.6201660072639414,672.2968046011468
SPY,2025-11-11,672.6925273614432,676.2738842563608,671.485517700804,675.7099609375,58953400,3.01743357605676,0.4485605909571028,674.4897876315549
SPY,2025-11-12,677.4808612736824,677.6490902522322,673.6818813898049,676.0859375,62312500,-1.3949237736824216,-0.20589862436260223,675.8056363806791
SPY,2025-11-13,673.2367288900627,673.5928719621189,663.3632690735044,664.8670043945312,103457800,-8.3697244955315,-1.2432067557173112,667.2743818100515
SPY,2025-11-14,658.2780414721369,668.4482860302248,656.1905771441307,664.7581176757812,96846700,6.48007620364433,0.9843980499718087,663.1323269500456
SPY,2025-11-17,662.5520175117457,666.5192267278557,655.1023594385355,658.5650024414062,90456100,-3.987015070339453,-0.6017663466353826,660.0621962025991
SPY,2025-11-18,655.0330052616243,658.0207904035176,648.8596179987588,653.0346069335938,114467500,-1.9983983280305893,-0.30508360830343445,653.3050051119567
SPY,2025-11-19,653.7272041810384,660.2171837101976,651.7188423695233,655.5574340820312,94703000,1.8302299009928902,0.2799684469741051,655.8311533872507
SPY,2025-11-20,665.7276649913678,668.3494043558474,644.9320631333248,645.5652465820312,165293500,-20.16241840933651,-3.0286285923836362,652.9489046904012
SPY,2025-11-21,648.0583498819193,657.4569521849606,643.9031662606766,651.9959106445312,123956200,3.9375607626119518,0.6075935543966685,651.1186763633895
SPY,2025-11-24,655.6167748873626,662.9081062970187,654.5285399004904,661.59228515625,80437900,5.975510268887433,0.9114334010007673,659.676310451253
SPY,2025-11-25,661.4934352510542,668.9925476262177,657.3877057953216,667.8152465820312,81077100,6.321811330977084,0.9556876900188421,664.7318333345235
SPY,2025-11-26,670.3973686817876,674.4239350690651,669.4970476879164,672.4254760742188,71879600,2.0281073924311386,0.3025231731471495,672.1154862770668
SPY,2025-11-28,673.5928610720755,676.3728662652451,673.2367180057771,676.0958862304688,49212000,2.503025158393257,0.37159318381277046,675.2351568338303
SPY,2025-12-01,671.5647168500374,675.7000943604489,671.4954567492206,673.0091552734375,61201200,1.444438423400129,0.21508551404773651,673.4015687943689
SPY,2025-12-02,674.6414676887413,676.5212120744054,672.0791460292079,674.2556762695312,62953800,-0.38579141921002247,-0.057184658472256074,674.2853447910483
SPY,2025-12-03,673.3060046468137,677.5996482328236,672.4353924168599,676.590576171875,57238500,3.284571525061324,0.48782745176678827,675.5418722738528
SPY,2025-12-04,677.9854045442221,678.05466464181,674.0677104452674,677.0851440429688,61970300,-0.9002605012533422,-0.1327846433299763,676.402506376682
SPY,2025-12-05,678.1535936302283,681.0424704296607,677.2731389541586,678.3712768554688,79241000,0.21768322524042105,0.03209939861486829,678.8956287464293
SPY,2025-12-08,679.2616800097057,679.3111342559135,674.2952418630646,676.333251953125,55231500,-2.928428056580742,-0.4311192788821679,676.646542690701
SPY,2025-12-09,675.8584445640498,678.0745263345831,675.3044241214166,675.7495727539062,58310100,-0.10887181014356884,-0.016108670538812993,676.3761744033019
SPY,2025-12-10,675.2747265375898,681.616283144729,674.0380683519487,680.2312622070312,85671300,4.95653566944145,0.7340028398301888,678.6285379012363
SPY,2025-12-11,677.8271327535609,681.8932499368323,674.8888018222121,681.8140869140625,86173700,3.9869541605015684,0.588196306675601,679.532046224369
SPY,2025-12-12,680.8248329648462,681.5272765513724,671.9208940415416,674.4832763671875,113160300,-6.341556597658723,-0.9314520109442254,675.9771489867005
SPY,2025-12-15,678.4207690042323,678.4405748577324,672.0000494482242,673.4642333984375,90811000,-4.956535605794784,-0.7305990370946122,674.6349525681313
SPY,2025-12-16,671.9802275249427,673.8105178026394,667.7755898483048,671.6240844726562,122030600,-0.3561430522864839,-0.052999037426776745,671.0700640412001
SPY,2025-12-17,672.6331978735437,673.1773153631458,664.035948310003,664.2338256835938,110625200,-8.399372189949986,-1.2487299491764132,667.1490297855809
SPY,2025-12-18,670.3676386439364,673.47413846835,667.6965052957117,669.2496948242188,108650100,-1.1179438197176523,-0.16676577974126294,670.1401128627602
SPY,2025-12-19,671.3463691548195,675.8114935895343,671.2272434527378,675.3153686523438,103599500,3.968999497524237,0.5911999647098627,674.1180352315386
SPY,2025-12-22,678.6394050189502,680.0483829319917,675.3153920494597,679.5225219726562,69556700,0.8831169537060077,0.13013051514174123,678.2954323180359
SPY,2025-12-23,678.6195066727895,682.8663651395233,678.5699062922599,682.6282348632812,64840000,4.008728190491752,0.5907180903399294,681.3548354316881
SPY,2025-12-24,682.6183200290311,685.4760045408373,682.4694583215327,685.0294799804688,39445600,2.4111599514376394,0.35322227380816484,684.3249809476129
SPY,2025-12-26,685.287420330769,686.2994739503212,683.9280429419551,684.9599609375,41613300,-0.3274593932690095,-0.047784241116078575,685.0624926099254
SPY,2025-12-29,682.2114479341877,683.8586166189733,680.7528697076866,682.51904296875,62559500,0.30759503456226867,0.045087932120415265,682.37684309847
SPY,2025-12-30,682.1222002850684,683.2235831301442,681.2589477241032,681.6856079101562,47160700,-0.4365923749121521,-0.06400500888692584,682.0560462548012
SPY,2025-12-31,681.8145855439083,682.0328514439952,676.4266760541103,676.635009765625,74144800,-5.179575778283265,-0.7596751210816838,678.3648457545769
SPY,2026-01-02,680.395719787287,681.5467030561866,674.5513531776926,677.8753662109375,89377200,-2.520353576349521,-0.37042466656572476,677.9911408149388
SPY,2026-01-05,681.2192280630002,684.0868448237256,681.0604947255163,682.3900756835938,71927200,1.1708476205935767,0.17187530421341762,682.5124717442785
SPY,2026-01-06,682.5984300063299,686.9544213697425,682.4496288665487,686.4483642578125,69273800,3.8499342514826367,0.5640115889875303,685.2841381647013
SPY,2026-01-07,686.8254142672773,688.5817158514149,683.9776620917838,684.2356567382812,75588300,-2.589757528996074,-0.3770619833220489,685.5983448938267
SPY,2026-01-08,683.4815439165204,685.2675815209567,682.1618346683338,684.1661987304688,64019200,0.6846548139483275,0.10017166082131258,683.8652049732531
SPY,2026-01-09,685.2775150455628,689.9212370510019,683.8387406584166,688.6908569335938,80125500,3.4133418880309137,0.4980962913694851,687.4836115476706
SPY,2026-01-12,685.3270791782115,690.6951844685583,685.277478801028,689.7723388671875,63976000,4.445259688975966,0.6486333057649436,688.5816673789246
SPY,2026-01-13,690.0998903120652,690.6952766040527,685.9919610896558,688.3932495117188,78309700,-1.706640800346463,-0.24730344466142648,688.3601624018091
SPY,2026-01-14,685.6446369497345,686.3590277621203,680.7230559588451,685.0095825195312,94676700,-0.6350544302032404,-0.09262151207489092,684.0305554134989
SPY,2026-01-15,689.1870202593807,690.0602050162862,685.8927433241695,686.8750610351562,77862000,-2.311959224224438,-0.33546180590492186,687.6093364585373
SPY,2026-01-16,688.2839991969948,688.869453251486,684.7515921796883,686.2994995117188,79289200,-1.9844996852760914,-0.2883257038651722,686.6401816476309
SPY,2026-01-20,676.2083446056304,679.4629532027941,671.3264922720098,672.3286743164062,111623300,-3.879670289224123,-0.5737388957373448,674.3727065970701
SPY,2026-01-21,674.382576550426,683.4020929933814,672.8743375287692,680.0880126953125,127844500,5.705436144886448,0.8460236582728249,678.7881477391544
SPY,2026-01-22,684.5035723961656,685.7736813437502,681.5962874434288,683.6403198242188,77112200,-0.8632525719468731,-0.12611366934506724,683.6700962037993
SPY,2026-01-23,682.8167194920136,685.6049389887335,681.8343413244536,683.8883056640625,63059600,1.0715861720489102,0.15693613548978771,683.7758619924165
SPY,2026-01-26,685.138576123168,688.7503800429489,684.5729864520383,687.3612060546875,60473800,2.2226299315194638,0.32440589524182617,686.8948575165582
SPY,2026-01-27,688.8000086063018,691.1318321418594,688.1947507195304,690.099853515625,55506100,1.2998449093231557,0.18871151177149728,689.8088121256716
SPY,2026-01-28,691.6477064811113,692.4316225777728,688.5618241580821,690.0303344726562,61172200,-1.6173720084550496,-0.23384332707235247,690.3412604028371
SPY,2026-01-29,690.9928952881424,691.657685737667,679.5224893166136,688.6610717773438,97486200,-2.3318235107986993,-0.3374598388347154,686.6137489438747
SPY,2026-01-30,686.4285189892349,688.8298072906449,681.7947290319643,686.6071166992188,101835100,0.1785977099838192,0.026018398863555968,685.7438843406093
SPY,2026-02-02,684.2356737126761,691.5286859406688,684.0768798206813,690.0204467773438,79286500,5.784773064667661,0.8454357594773405,688.5420041795646
SPY,2026-02-03,690.8142565672537,691.5584439188771,678.7286612443456,684.18603515625,107904600,-6.628221411003665,-0.9594795341862462,684.8243801064909
SPY,2026-02-04,684.9996810996682,686.0911923060062,676.4762885369656,680.8719482421875,105204600,-4.127732857480737,-0.6025890188524259,681.1464763617197
SPY,2026-02-05,675.6626239798336,678.3913111024622,670.5525129616972,672.3683471679688,113610800,-3.2942768118648473,-0.48756238615963027,673.7707237440427
SPY,2026-02-06,676.1785962582386,686.9444827733389,675.5732778299765,685.267578125,89127600,9.0889818667614,1.3441688212340632,682.5951129094384
SPY,2026-02-09,684.0768565720822,690.4768800480663,683.0052703670985,688.57177734375,73885200,4.4949207716678075,0.6570783280393248,687.3513092529716
SPY,2026-02-10,689.5640655604284,691.1417089533321,686.2995246985826,686.7559814453125,65185700,-2.8080841151158893,-0.4072259932561421,688.0657383657423
SPY,2026-02-11,690.9928885783248,691.7370759669038,683.8387453470867,686.5972290039062,76353900,-4.395659574418573,-0.6361367312277802,687.3910167726323
SPY,2026-02-12,688.8595645054852,689.9609473653614,675.097063165144,675.9901123046875,118829000,-12.869452200797696,-1.8682258132013234,680.3493742783977
SPY,2026-02-13,676.4067760275798,680.96122930703,672.2691112734435,676.46630859375,96267500,0.05953256617021907,0.008801296539316704,676.5655497247411
SPY,2026-02-17,674.8688419019007,679.6316291710169,670.5426469985775,677.5578002929688,81354700,2.688958391068013,0.3984416265966656,675.9106921541878
SPY,2026-02-18,678.7187643851827,683.8090109802145,677.53798463666,680.9711303710938,73570300,2.2523659859110694,0.33185556435166114,680.7727086626561
SPY,2026-02-19,678.5401770095443,680.8620077880265,676.2678860499572,679.1751708984375,58649400,0.6349938888931774,0.09358235671345451,678.7683549121404
SPY,2026-02-20,677.0319102464942,684.7119142291095,676.4464562003476,684.0867919921875,100034000,7.054881745693251,1.042030905622263,681.7483874738815
SPY,2026-02-23,682.4992209190492,684.6523861034582,675.0970153480879,677.1013793945312,90558100,-5.397841524517958,-0.7908934338781015,678.9502602820257
SPY,2026-02-24,676.6151751251432,683.0151380016027,674.7298762460771,682.0228881835938,73798700,5.407713058450554,0.7992302356284533,679.9226341437578
SPY,2026-02-25,684.831062331904,688.3039371523823,684.7516653786108,687.778076171875,56369500,2.947013839970964,0.4303271276767366,686.9445595676228
SPY,2026-02-26,687.9070203801248,687.9268241953206,679.046175727848,683.9578247070312,71671000,-3.949195673093527,-0.5740885840809233,683.6436082100666
SPY,2026-02-27,677.795973699009,681.5367144347911,676.35719931042,680.6734619140625,83308900,2.8774882150535177,0.4245360442833396,679.5224585530913
SPY,2026-03-02,673.4400139353526,683.2831159083878,672.765291276125,681.0604858398438,87477200,7.620471904491183,1.1315739704802743,679.0362976747855
SPY,2026-03-03,669.8281968363514,677.3196712649806,664.4700232973693,675.057373046875,105003100,5.229176210523633,0.7806742438167613,672.2823558697415
SPY,2026-03-04,676.3471942737264,681.7648996497006,674.3527626088865,679.820068359375,79182200,3.472874085648641,0.5134750487695708,678.6459102059874
SPY,2026-03-05,676.7937758642711,680.2170498641997,670.3738880206191,676.0297241210938,106606500,-0.7640517431773333,-0.11289284423480891,675.5402206686375
SPY,2026-03-06,668.1908700160953,670.869956423512,664.569194806431,667.1688842773438,100687000,-1.0219857387515958,-0.15294817463264326,667.5360118357622
SPY,2026-03-09,661.2254329083217,674.6505427155427,657.2564332632285,673.0133666992188,102667700,11.787933790897,1.782740530570515,668.3067808926634
SPY,2026-03-10,672.4674947413112,678.0637980596332,669.5304741395607,671.9317016601562,81505300,-0.5357930811549068,-0.07967568474979135,673.1753246197834
SPY,2026-03-11,672.3286912573745,674.8093159596237,668.1215614523004,671.08837890625,68441700,-1.240312351124544,-0.18448005674202875,671.339752106058
SPY,2026-03-12,665.958337853126,666.444591119081,660.7093583022987,660.8978881835938,108882200,-5.060449669532204,-0.7598748122661486,662.6839458683245
SPY,2026-03-13,664.0831110227487,667.1293254881115,656.2343803863124,657.1571655273438,97200200,-6.925945495404903,-1.0429335395592751,660.1736238005892
SPY,2026-03-16,663.1999840519829,666.8613885560293,661.9497395049242,663.844970703125,82023100,0.6449866511420623,0.09725371933837486,664.2186995880262
SPY,2026-03-17,667.1788836379297,669.2129836950214,664.5097291491037,665.5912475585938,87128000,-1.5876360793359936,-0.23796257919301675,666.4379868009063
SPY,2026-03-18,663.1801174312507,664.5295627375546,656.0657027257738,656.3038330078125,82062600,-6.876284423438165,-1.0368652863226109,658.966366157047
SPY,2026-03-19,651.8783782687178,657.8418097710767,650.0923405870744,654.6864624023438,111272500,2.8080841336259255,0.4307681044865665,654.206870920165
SPY,2026-03-20,653.2009461223761,653.3800315656541,641.4703334037762,645.3009643554688,163617500,-7.899981766907331,-1.2094259528869822,646.7171097749664
SPY,2026-03-23,654.7531040433624,659.2801583045331,650.6439158314106,652.07666015625,134802700,-2.676443887112441,-0.40877146982340806,654.0002447640645
SPY,2026-03-24,648.0371459178807,653.7183875512989,646.604401549905,649.8877563476562,96457500,1.8506104297755428,0.285571659191594,650.0701818162867
SPY,2026-03-25,655.3501116680137,657.5589538580906,650.9424473291369,653.5094604492188,90653800,-1.8406512187949602,-0.2808653246598354,654.0036205454821
SPY,2026-03-26,648.7734634761676,651.5493793651953,641.5699644768796,641.838623046875,96494400,-6.934840429292649,-1.068915549063205,644.9859889629832
SPY,2026-03-27,639.2616275919053,639.420794428861,629.9189411370072,630.89404296875,103649400,-8.367584623155267,-1.308945236502918,633.4112595115394
SPY,2026-03-30,636.8836547011163,637.1423539459004,626.108284608157,628.78466796875,99275900,-8.098986732366257,-1.2716587515763829,630.6784355076024
SPY,2026-03-31,635.7195686416,648.2560368761451,634.7643854444117,647.0621337890625,152534100,11.342565147462551,1.7842089038881161,643.3608520365398
SPY,2026-04-01,650.6041659517412,655.2008748639518,649.7086779392242,651.9373779296875,97841500,1.3332119779463483,0.20491906564970258,652.2823102442878
SPY,2026-04-02,643.1618697673937,654.8825248659317,641.858474913505,652.5244750976562,68358700,9.362605330262568,1.4557152359869614,649.7551582923643
SPY,2026-04-06,652.554231190157,656.3947609217337,652.2159789115307,655.6087646484375,39105800,3.0545334582805026,0.46808882883335395,654.739834827234
SPY,2026-04-07,653.3402849463747,656.285326673986,647.7784337275787,655.8972778320312,69980400,2.556992885656541,0.39137229780135413,653.3203460778653
SPY,2026-04-08,672.980811715349,673.6673363432215,668.0756676404139,672.6027221679688,93606100,-0.3780895473802275,-0.05618132653983427,671.448575383868
SPY,2026-04-09,671.4386399182858,677.7267318686964,670.3740257373166,676.4830322265625,57134400,5.044392308276656,0.7512812055157503,674.8612632775252
SPY,2026-04-10,677.885949822129,678.5923930707559,675.0304203424645,676.0353393554688,42253500,-1.8506104666602141,-0.2729973186707583,676.552717589563
SPY,2026-04-13,673.9955829678383,682.840788741459,673.1698101905051,682.6417846679688,54185800,8.646201700130405,1.2828276503027147,679.550794533311
SPY,2026-04-14,684.2238203737314,691.0791070995066,684.193942434314,690.959716796875,63480500,6.735896423143572,0.9844580417361591,688.7442554435652
SPY,2026-04-15,691.7557051691649,696.7504224001667,690.7010502942645,696.412109375,58240400,4.656404205835088,0.6731284138374242,694.6211940231437
SPY,2026-04-16,697.5264615426626,699.2378238459212,695.0092450197437,698.1234130859375,49972400,0.5969515432749404,0.08558120389507679,697.4568273172008
SPY,2026-04-17,702.5808909886877,708.7993894133457,702.2028014262665,706.5607299804688,70661900,3.9798389917810937,0.5664598970490893,705.854306940027
SPY,2026-04-20,705.20752199003,706.3317705126415,702.5808139687996,705.1477661132812,43546800,-0.059755876748795345,-0.008473516643749037,704.6867835315742
SPY,2026-04-21,706.7000123508461,707.6949720613851,699.098505587723,700.53125,58941400,-6.168762350846123,-0.8728968788787282,702.4415758830361
SPY,2026-04-22,705.5756906371417,707.8640857857167,704.6503246823615,707.6253051757812,42518500,2.049614538639503,0.2904882588555001,706.7132385479532
SPY,2026-04-23,705.9239069650033,708.7694771316526,698.7403270820959,704.8792114257812,56174000,-1.0446955392220616,-0.1479898228285748,704.1296718798432
SPY,2026-04-24,707.1675680011435,710.8687887329964,705.4363479344694,710.3414916992188,45182000,3.173923698075214,0.448822010750086,708.8822094555616
SPY,2026-04-27,709.5754490929214,712.0230720129201,708.7098389427747,711.5653686523438,33135900,1.989919559422333,0.28043805094526963,710.7660932026796
SPY,2026-04-28,708.2322548988411,709.2869098023077,705.6752010599358,708.1029052734375,43117400,-0.12934962540361994,-0.018263729801757663,707.6883387118937
SPY,2026-04-29,707.4163145996059,708.6102783309316,704.7995658491443,707.993408203125,41859200,0.5770936035190743,0.08157764976705498,707.1344174610671
SPY,2026-04-30,711.0280636665188,716.1620290590424,706.8691393587039,715.0377197265625,67240900,4.009656060043653,0.5639237415422512,712.6896293814362
SPY,2026-05-01,717.6146516977453,721.216400793299,716.8385540170647,717.0177001953125,43049800,-0.5969515024328302,-0.08318552318024053,718.3575516685587
SPY,2026-05-04,716.4406056700121,718.4802608161392,711.3861936216806,714.3909912109375,51950600,-2.0496144590746326,-0.2860829554960585,714.7524818829191
SPY,2026-05-05,718.1320898558575,721.3855668152729,717.8534719876392,720.1220092773438,36933200,1.9899194214862064,0.27709657451536807,719.787016026752
SPY,2026-05-06,724.489821452625,730.8874657022126,724.1515691652952,730.1312866210938,53288900,5.641465168468699,0.7786810803162676,728.3901071628671
SPY,2026-05-07,731.3451201928577,732.4196936796947,726.0718458933673,727.8926391601562,51724600,-3.4524810327014848,-0.4720727516156881,728.794726244406
SPY,2026-05-08,731.2257166531052,734.359863963193,730.8675457398152,733.9021606445312,47227100,2.6764439914260265,0.36602158956831876,733.0431901158464
SPY,2026-05-11,732.7380586745534,737.0561496205491,732.7380586745534,735.5736694335938,44024000,2.835610759040378,0.3869883276118756,735.1226259095655
SPY,2026-05-12,733.1758744234386,735.1160580011854,728.1413807257971,734.4593505859375,54185300,1.2834761624989142,0.17505706437875165,732.5722631043067
SPY,2026-05-13,734.7478704606156,740.1604537310201,731.7629913201908,738.5685424804688,44200200,3.820672019853191,0.5199976990008832,736.8306625105598
SPY,2026-05-14,739.9018102364839,745.7521781705404,739.8122371427646,744.3989868164062,45307600,4.497176579922325,0.6078072141065527,743.3211340432372
SPY,2026-05-15,738.0511867146383,739.712813256131,734.2405345152865,735.4443969726562,60410800,-2.606789741982084,-0.3531990448502562,736.4659149146913
SPY,2026-05-18,736.1010471042457,737.682999009625,729.6935042484962,734.927001953125,47843900,-1.1740451511207084,-0.1594951067844958,734.1011684037488
SPY,2026-05-19,731.0764945153984,733.9320239063612,727.8428755921286,730.03173828125,54255900,-1.0447562341483945,-0.1429065551944632,730.6022125932467
SPY,2026-05-20,732.0018002736176,738.1307251173267,730.1909663879147,737.5138549804688,45768000,5.512054706851131,0.7530110861463402,735.2785154952368
SPY,2026-05-21,734.9170485709385,741.1156280791548,733.3151780259534,738.9764404296875,43332200,4.059391858748995,0.5523605509822594,737.8024155115986
SPY,2026-05-22,742.4787264390759,745.1651298094138,740.7275876279662,741.8817749023438,41762000,-0.5969515367321492,-0.08039981692069827,742.5914974465745
SPY,2026-05-26,746.2297301040182,748.3390397979183,744.5979816306177,746.8068237304688,41123600,0.5770936264505053,0.0773345798444754,746.5812817196683
SPY,2026-05-27,747.0952952420212,747.5927750592914,744.4486686067338,746.6774291992188,42106300,-0.4178660428024159,-0.05593209399974181,746.2396242884147
SPY,2026-05-28,746.4685193943138,751.3438462445121,745.4536410614309,750.7965698242188,41562600,4.32805042990492,0.5798034769660091,749.1980190433873
SPY,2026-05-29,752.0900813404212,754.2590862562773,750.8861582097875,752.6671142578125,55075700,0.5770329173913069,0.07672391003520261,752.6041195746258
SPY,2026-06-01,751.5527103892452,756.4479556154175,750.886104424133,754.7166748046875,43634900,3.1639644154422513,0.4209903539305402,754.0169116147459
SPY,2026-06-02,753.2144012702464,756.5674107365072,752.9357833937803,755.7415771484375,31581900,2.5271758781910876,0.3355187943737098,755.0815904262417
SPY,2026-06-03,754.3287420712209,754.9754294579049,749.7718095132926,750.4384155273438,51402500,-3.8903265438771086,-0.5157335690530799,751.7285514995137
SPY,2026-06-04,748.3091480570178,754.4878695071194,747.6823186029123,753.2740478515625,49923000,4.964899794544749,0.6634824400364602,751.8147453205314
SPY,2026-06-05,748.5181345185488,749.0255736853693,731.82274221843,733.83251953125,93989400,-14.685614987298777,-1.9619584763627202,738.2269451450164
SPY,2026-06-08,739.6132273185567,741.5832888174093,734.4693026781229,735.4940795898438,49319100,-4.11914772871296,-0.5569326746151896,737.1822236951253
SPY,2026-06-09,739.881935268434,743.1354731343894,718.9480036644643,733.3350830078125,87683500,-6.546852260621449,-0.8848509402038864,731.806186602222
SPY,2026-06-10,729.69352181897,734.6583610930755,721.6741489247238,721.7736206054688,60341300,-7.919901213501248,-1.0853736502632814,726.0353768744227
SPY,2026-06-11,725.0868662900759,736.2702039965386,720.7587550057447,734.04150390625,86330500,8.954637616174068,1.234974460645065,730.356820969511
SPY,2026-06-12,736.9766163198905,740.6877965432628,731.3252525489901,738.0113525390625,57079500,1.0347362191720322,0.1404028562451562,736.6748005437718
SPY,2026-06-15,748.0604304424444,752.8661028247,747.9709180763429,751.0254516601562,60176400,2.9650212177118647,0.3963611891566282,750.6208241870663
SPY,2026-06-16,750.7468576807364,751.6323864215939,746.100412710964,746.5481567382812,67093100,-4.198700942455162,-0.5592698656676505,748.0936519569464
SPY,2026-06-17,747.5032315039188,748.3589429763433,735.4940609532621,737.225341796875,85945200,-10.277889707043755,-1.3749625786052369,740.3594485754935
SPY,2026-06-18,745.907751654771,746.3765582049119,742.0173878962117,744.8902587890625,80875700,-1.0174928657085047,-0.13641001363120725,744.4280682967287
SPY,2026-06-22,745.8479411927095,748.321778689857,741.2892538871644,742.546142578125,46628100,-3.301798614584527,-0.44269058506811915,744.0523917183822
SPY,2026-06-23,731.9922892059834,737.7978798883457,730.4860198600484,731.7628784179688,66846800,-0.2294107880146612,-0.03134060172457701,733.3489260554543
SPY,2026-06-24,733.3489180103626,738.1171068570358,729.0296875445486,731.4237060546875,57439500,-1.9252119556750813,-0.2625233239449434,732.856833485424
SPY,2026-06-25,737.0796452204372,737.5385276888334,727.7927091295785,732.4810791015625,53934400,-4.5985661188747144,-0.6238899891882687,732.6041053066582
SPY,2026-06-26,727.144386135875,734.7056273477464,714.8050317832251,727.1842651367188,71034000,0.039879000843711765,0.0054843304306635915,725.5649747558967
SPY,2026-06-29,734.7055914816465,739.7231001504891,730.27658724538,739.1644897460938,58035200,4.458898264447271,0.6068959207803521,736.3880590473209
SPY,2026-06-30,739.4537599262709,746.1671307285668,739.0547872797607,744.9202270507812,55626000,5.466467124510359,0.7392574655452976,743.380715019703
SPY,2026-07-01,743.1545925484338,747.5835968507926,740.541087308444,743.9127197265625,47100900,0.7581271781286887,0.10201473364093878,744.012467961933
SPY,2026-07-02,745.5486859530862,749.4489739445169,738.1969465958291,742.9351806640625,57447800,-2.613505289023692,-0.35054790361311794,743.5270337348029
SPY,2026-07-06,746.885320136641,750.5462122974698,745.5585975722108,749.4190673828125,50673300,2.533747246171515,0.33924180565069506,748.5079590841643
SPY,2026-07-07,748.3616416292718,749.0998597580657,743.364102770238,745.85791015625,43721500,-2.503731473021844,-0.3345617056976523,746.1072908948512
SPY,2026-07-08,741.3191472958572,744.3017921335774,737.6782249675691,743.5536499023438,43767400,2.234502606486558,0.30142248647393666,741.8445556678302
SPY,2026-07-09,745.4987759890873,750.1073272936331,743.7431866839036,749.8480224609375,41441700,4.349246471850165,0.5834008870208836,747.899512146158
SPY,2026-07-10,750.187115173852,753.5487626123848,746.2468873823584,753.0799560546875,42191300,2.892840880835479,0.3856159113270131,750.9585353498102
SPY,2026-07-13,750.6060836597362,752.0425191788765,746.1471851864706,747.3142700195312,44013600,-3.291813640204964,-0.43855408474109897,748.5013247949595
SPY,2026-07-14,749.0499474324819,751.4739818301254,746.8055207475287,749.9677124023438,35143100,0.9177649698618779,0.12252386813558969,749.415738326666
SPY,2026-07-15,752.3717122204262,753.7084197839658,748.3417413555546,752.9403076171875,43844800,0.5685953967613386,0.07557373403676751,751.6634895855692
SPY,2026-07-16,750.8953984161742,752.7009125511715,746.0274814662645,748.8604125976562,46409800,-2.034985818517953,-0.2710078957482288,749.1962688716975
SPY,2026-07-17,740.241827732839,745.438883195828,738.9649691671198,741.4487915039062,62651000,1.206963771067194,0.1630499285299506,741.9508812889513
SPY,2026-07-20,745.2094908804986,746.8753371556621,739.6732506975046,740.2518310546875,50422300,-4.957659825811106,-0.665270623426093,742.2668063026181
SPY,2026-07-21,744.4413918284653,747.1845799829406,742.3366329839115,746.426513671875,34324300,1.985121843409729,0.26665925151393816,745.3159088795757
SPY,2026-07-22,744.7705725456777,748.1621748950539,744.5211918106933,745.55859375,32836200,0.7880212043222627,0.10580724230668129,746.0806534852491
SPY,2026-07-23,737.5385562389782,740.7206569606348,733.3888874570794,736.3515014648438,55437300,-1.1870547741344808,-0.1609481652305442,736.8203486275193
SPY,2026-07-24,736.6806667930385,741.8777222786117,735.4636571620507,737.099609375,44782000,0.41894258196145984,0.05686895297323673,738.1469962718875
SPY,2026-07-27,743.0648074406847,743.6833276942111,734.0472217265344,737.25927734375,41461200,-5.805530096934717,-0.7812952569952177,738.329942254832
SPY,2026-07-28,737.3589950224286,740.9500533043114,734.156924420905,739.0248413085938,47322200,1.665846286165106,0.22592065702194833,738.0439396779367
SPY,2026-07-29,738.1370526174048,740.8403618199718,727.2939826612791,727.6531372070312,70697200,-10.483915410373584,-1.4203209787664817,731.9291605627608
SPY,2026-07-30,734.2267392747757,740.6109103701467,732.7703947650456,739.852783203125,66811300,5.626043928349304,0.7662542954927475,737.7446961127724
SPY,2026-07-31,742.835410914187,747.0449895804718,735.8527500027326,745.1796264648438,62445900,2.3442155506567133,0.315576710024062,742.6924553493494
SPY,2026-08-03,747.5836183167282,756.7009928898597,746.9451890027125,755.793212890625,59927500,8.209594573896766,1.0981506780982742,753.1464649277324
SPY,2026-08-04,758.7458651152236,771.494176400126,758.6361522059436,769.4193725585938,69154800,10.673507443370113,1.4067302286713914,766.5165670548878
SPY,2026-08-05,773.928165423025,774.9256883846499,767.6039039413469,767.8831787109375,44689100,-6.044986712087507,-0.7810785266851413,770.1375903456448
SPY,2026-08-06,768.3021872511085,769.9081846177485,765.5589990885744,766.65625,38416900,-1.6459372511085348,-0.21423045234291177,767.3744779021076
SPY,2026-08-07,769.1101628301597,772.0029428489042,767.703621378493,771.3446044921875,43586300,2.234441662027848,0.29052296667171634,770.350389573195
SPY,2026-08-10,770.6861849056471,773.1301282404592,769.7086319253093,771.1151733398438,39249500,0.4289884341966399,0.05566317946248897,771.3179778352041
SPY,2026-08-11,772.6115040483734,772.6912620504304,767.2946895097219,768.6513061523438,36740600,-3.9601978960296265,-0.5125729911189205,769.5457525708321
SPY,2026-08-12,772.7910096110111,772.9805414027246,769.369513273419,770.5764770507812,33179100,-2.214532560229827,-0.28656293004036437,770.9755105756416
SPY,2026-08-13,772.9506321027081,777.4394855444215,772.1925048911166,775.9531860351562,35634500,3.0025539324481088,0.3884535192474149,775.1950588235649
SPY,2026-08-14,776.6114939657781,776.8708596736758,773.509212209858,774.4169921875,31367900,-2.194501778278095,-0.2825739504667693,774.9323546903446
SPY,2026-08-17,774.2573577843602,774.8559080861019,770.5964655970525,770.7560424804688,34356600,-3.501315303891488,-0.45221595490044353,772.069472054541
SPY,2026-08-18,766.7959149360092,767.5939211307613,765.0202948350139,765.5490112304688,43920900,-1.2469037055404897,-0.16261219983736433,766.0544090654147
SPY,2026-08-19,768.4517358705159,770.5564946026684,766.1973243479778,767.1549682617188,40306000,-1.296767608797154,-0.16875069028611828,767.969595737455
SPY,2026-08-20,764.0627220124634,766.2472997692572,760.1523881029335,760.7109985351562,45520300,-3.3517234773071323,-0.4386712478890521,762.3702288024491
SPY,2026-08-21,764.1524418077088,765.9479709365374,762.2770937955632,763.8232421875,39188700,-0.329199620208783,-0.043080359650492714,764.0161023065335
SPY,2026-08-24,762.8856098637509,763.3244615010249,760.1922857963137,761.5787963867188,32430900,-1.3068134770321649,-0.17129874520317112,761.6985145613525
SPY,2026-08-25,764.262137078792,764.8806573052586,761.159855395616,764.0127563476562,27422300,-0.2493807311357159,-0.03263026114166976,763.3510896828435
SPY,2026-08-26,762.8356805789958,765.449185749943,762.0376744224566,764.182373046875,28751600,1.3466924678791656,0.17653768723259244,763.8897444064249
SPY,2026-08-27,766.5964060257239,770.4468300957561,765.2596984507333,769.18994140625,34557100,2.5935353805260775,0.3383182284889356,768.2988233175798
SPY,2026-08-28,769.8483393622295,773.3795487683207,766.4068729286823,767.4442749023438,36744300,-2.404064459885717,-0.31227767041458215,769.0768988664489
SPY,2026-08-31,765.4292990280279,766.097622354185,762.8257178677422,765.1499633789062,38810800,-0.27933564912166275,-0.036493984418466095,764.6911012002778
SPY,2026-09-01,760.1224772031874,762.7758614763637,757.5987149009983,759.89306640625,41126300,-0.22941079693737265,-0.03018076741809717,760.0892142612041
SPY,2026-09-02,760.5614001563074,764.5315220914426,759.8431519587122,763.2646484375,29566200,2.7032482811926,0.3554280141796625,762.5464408292182
SPY,2026-09-03,765.99791709853,772.112737807933,765.5490195828438,771.2548217773438,43531600,5.256904678813726,0.6862818503118112,769.6388597227069
SPY,2026-09-04,770.0977256925568,770.9555808433835,767.0951717806925,768.2822265625,34054200,-1.8154991300567644,-0.2357491873416543,768.7776597288586
SPY,2026-09-08,767.1649647963771,767.7934091111229,763.2447069992287,764.0626831054688,44746100,-3.1022816909083986,-0.4043826078178393,765.0335997386068
SPY,2026-09-09,762.1873669257697,762.5763546117217,759.055130192088,760.5115356445312,32812400,-1.675831281238402,-0.21987130119956624,760.7143401494469
SPY,2026-09-10,756.1523365872063,758.2271404471661,754.7657651010062,755.9528198242188,42740400,-0.19951676298751408,-0.02638578938841962,756.3152417907971
SPY,2026-09-11,762.8257171109622,764.4816392943262,761.7084962835214,762.3967895507812,45512700,-0.4289275601809095,-0.05622877553281504,762.8623083762096
SPY,2026-09-14,757.119891309806,761.6287143614769,756.0525344863368,758.9952392578125,43992400,1.8753479480064925,0.24769497797266543,758.8921627018753
SPY,2026-09-15,758.2371341657202,758.4665449596201,754.2769973083872,755.513916015625,46195000,-2.7232181500952493,-0.3591512506297354,756.0858194278775
SPY,2026-09-16,757.6187023523285,759.7833101686804,747.7432005092232,752.1821899414062,59217700,-5.436512410922205,-0.7175789607677835,753.2362335397698
SPY,2026-09-17,761.2596848801362,761.6786274833105,758.0775841455181,760.7109985351562,49652800,-0.5486863449799557,-0.07207610699446784,760.1557367213283
SPY,2026-09-18,761.3099975585938,762.0,757.969970703125,761.6900024414062,65395100,0.3800048828125,0.0499146056180949,760.5533243815104
SPY,2026-09-21,766.25,774.8900146484375,766.030029296875,773.5,50484700,7.25,0.9461663947797716,771.4733479817709
SPY,2026-09-22,774.030029296875,775.1400146484375,772.5700073242188,773.3800048828125,34802300,-0.6500244140625,-0.08397922424960423,773.6966756184896
SPY,2026-09-23,772.7899780273438,773.0499877929688,766.5,767.8099975585938,54931700,-4.97998046875,-0.6444157675882531,769.1199951171875
SPY,2026-09-24,764.0700073242188,768.9500122070312,763.25,767.1799926757812,43983700,3.1099853515625,0.4070288483713294,766.4600016276041
SPY,2026-09-25,768.780029296875,772.280029296875,766.2899780273438,771.3499755859375,36666700,2.5699462890625,0.3342888981407294,769.9733276367188
SPY,2026-09-28,768.3499755859375,769.5399780273438,763.719970703125,765.6099853515625,42694500,-2.739990234375,-0.3566070568669577,766.2899780273438
SPY,2026-09-29,766.8300170898438,766.97998046875,762.3499755859375,764.2000122070312,36910500,-2.6300048828125,-0.3429710397610012,764.5099894205729
SPY,2026-09-30,766.4500122070312,769.4099731445312,762.1799926757812,762.6300048828125,62110000,-3.82000732421875,-0.49840266989087095,764.739990234375
SPY,2026-10-01,764.3599853515625,765.6500244140625,758.7899780273438,763.989990234375,47708100,-0.3699951171875,-0.048405872138547794,762.8099975585938
SPY,2026-10-02,770.5800170898438,772.6500244140625,767.1500244140625,769.6400146484375,46335300,-0.94000244140625,-0.1219863506136901,769.8133544921875
SPY,2026-10-05,769.6900024414062,776.6099853515625,769.6300048828125,774.8300170898438,44840200,5.1400146484375,0.6678032236528616,773.6900024414062
SPY,2026-10-06,778.1500244140625,781.6199951171875,777.9600219726562,779.0900268554688,36054300,0.94000244140625,0.12079964170328984,779.5566813151041
SPY,2026-10-07,775.77001953125,779.0999755859375,773.6099853515625,777.219970703125,30989200,1.449951171875,0.18690477014710055,776.643310546875
